2026-04-12T14:46:12.591Z 	 info: Azurite Blob service is starting on 127.0.0.1:10000
2026-04-12T14:46:12.592Z 	 info: AccountDataStore:init() Refresh accounts from environment variable AZURITE_ACCOUNTS with value undefined
2026-04-12T14:46:12.592Z 	 info: AccountDataStore:init() Fallback to default emulator account devstoreaccount1.
2026-04-12T14:46:12.600Z 	 info: BlobGCManager:start() Starting BlobGCManager. Set status to Initializing.
2026-04-12T14:46:12.600Z 	 info: BlobGCManager:start() Trigger mark and sweep loop. Set status to Running.
2026-04-12T14:46:12.600Z 	 info: BlobGCManager:markSweepLoop() Start next mark and sweep.
2026-04-12T14:46:12.601Z 	 info: BlobGCManager:markSweep() Get all extents.
2026-04-12T14:46:12.601Z 	 info: BlobGCManager:start() BlobGCManager successfully started.
2026-04-12T14:46:12.603Z 	 info: BlobGCManager:markSweep() Got 0 extents.
2026-04-12T14:46:12.603Z 	 info: BlobGCManager:markSweep() Get referred extents.
2026-04-12T14:46:12.604Z 	 info: BlobGCManager:markSweep() Got referred extents, unreferenced extents count is 0.
2026-04-12T14:46:12.604Z 	 info: BlobGCManager:markSweepLoop() Mark and sweep finished, taken 3ms.
2026-04-12T14:46:12.604Z 	 info: BlobGCManager:markSweepLoop() Sleep for 600000ms.
2026-04-12T14:46:12.610Z 	 info: Azurite Blob service successfully listens on http://127.0.0.1:10000
2026-04-12T14:46:12.610Z 	 info: Azurite Queue service is starting on 127.0.0.1:10001
2026-04-12T14:46:12.610Z 	 info: AccountDataStore:init() Refresh accounts from environment variable AZURITE_ACCOUNTS with value undefined
2026-04-12T14:46:12.610Z 	 info: AccountDataStore:init() Fallback to default emulator account devstoreaccount1.
2026-04-12T14:46:12.616Z 	 info: QueueGCManager:start() Starting QueueGCManager, set status to Initializing
2026-04-12T14:46:12.617Z 	 info: QueueGCManager:start() Trigger mark and sweep loop, set status to Running.
2026-04-12T14:46:12.617Z 	 info: QueueGCManager:markSweepLoop() Start new mark and sweep.
2026-04-12T14:46:12.617Z 	 info: QueueGCManger:markSweep() Get all extents.
2026-04-12T14:46:12.617Z 	 info: QueueGCManager:start() QueueGCManager successfully started.
2026-04-12T14:46:12.617Z 	 info: QueueGCManager:marksweep() Get 0 extents.
2026-04-12T14:46:12.617Z 	 info: QueueGCManager:markSweep() Get referred extents, then remove from allExtents.
2026-04-12T14:46:12.617Z 	 info: QueueGCManager:markSweep() Got referred extents, unreferenced extents count is 0.
2026-04-12T14:46:12.617Z 	 info: QueueGCManager:markSweepLoop() Mark and sweep finished, take 0ms.
2026-04-12T14:46:12.617Z 	 info: QueueGCManager:markSweepLoop() Sleep for 60000
2026-04-12T14:46:12.619Z 	 info: Azurite Queue service successfully listens on http://127.0.0.1:10001
2026-04-12T14:46:12.619Z 	 info: Azurite Table service is starting on 127.0.0.1:10002
2026-04-12T14:46:12.619Z 	 info: AccountDataStore:init() Refresh accounts from environment variable AZURITE_ACCOUNTS with value undefined
2026-04-12T14:46:12.619Z 	 info: AccountDataStore:init() Fallback to default emulator account devstoreaccount1.
2026-04-12T14:46:12.622Z 	 info: Azurite Table service successfully listens on http://127.0.0.1:10002
2026-04-12T14:46:12.622Z 	 info: InstaceID 2f7f1d74-d15f-46dc-9b3c-bf3fc705bf3f, SessionID d827e2f2-7c07-4392-ba16-cb589cf1f210.
2026-04-12T14:46:12.647Z 	 info: Telemetry initialize successfully.
2026-04-12T14:46:12.651Z 	 verbose: Send start telemetry
2026-04-12T14:46:17.722Z 9c13672c-e122-49bd-9150-73d428c0e55c info: BlobStorageContextMiddleware: RequestMethod=GET RequestURL=http://127.0.0.1/ RequestHeaders:{"host":"127.0.0.1:10000","user-agent":"curl/8.5.0","accept":"*/*"} ClientIP=127.0.0.1 Protocol=http HTTPVersion=1.1
2026-04-12T14:46:17.728Z 9c13672c-e122-49bd-9150-73d428c0e55c error: BlobStorageContextMiddleware: BlobStorageContextMiddleware: Value for one of the query parameters specified in the request URI is invalid.
2026-04-12T14:46:17.729Z 9c13672c-e122-49bd-9150-73d428c0e55c error: ErrorMiddleware: Received a MiddlewareError, fill error information to HTTP response
2026-04-12T14:46:17.729Z 9c13672c-e122-49bd-9150-73d428c0e55c error: ErrorMiddleware: ErrorName=StorageError ErrorMessage=Value for one of the query parameters specified in the request URI is invalid.  ErrorHTTPStatusCode=400 ErrorHTTPStatusMessage=Value for one of the query parameters specified in the request URI is invalid. ErrorHTTPHeaders={"x-ms-error-code":"InvalidQueryParameterValue","x-ms-request-id":"9c13672c-e122-49bd-9150-73d428c0e55c"} ErrorHTTPBody="<?xml version=\"1.0\" encoding=\"UTF-8\" standalone=\"yes\"?>\n<Error>\n  <Code>InvalidQueryParameterValue</Code>\n  <Message>Value for one of the query parameters specified in the request URI is invalid.\nRequestId:9c13672c-e122-49bd-9150-73d428c0e55c\nTime:2026-04-12T14:46:17.723Z</Message>\n</Error>" ErrorStack="StorageError: Value for one of the query parameters specified in the request URI is invalid.\n    at StorageErrorFactory.getInvalidQueryParameterValue (/home/konsta/.nvm/versions/node/v22.14.0/lib/node_modules/azurite/dist/src/blob/errors/StorageErrorFactory.js:45:16)\n    at blobStorageContextMiddleware (/home/konsta/.nvm/versions/node/v22.14.0/lib/node_modules/azurite/dist/src/blob/middlewares/blobStorageContext.middleware.js:127:60)\n    at /home/konsta/.nvm/versions/node/v22.14.0/lib/node_modules/azurite/dist/src/blob/middlewares/blobStorageContext.middleware.js:15:16\n    at Layer.handle [as handle_request] (/home/konsta/.nvm/versions/node/v22.14.0/lib/node_modules/azurite/node_modules/express/lib/router/layer.js:95:5)\n    at trim_prefix (/home/konsta/.nvm/versions/node/v22.14.0/lib/node_modules/azurite/node_modules/express/lib/router/index.js:328:13)\n    at /home/konsta/.nvm/versions/node/v22.14.0/lib/node_modules/azurite/node_modules/express/lib/router/index.js:286:9\n    at Function.process_params (/home/konsta/.nvm/versions/node/v22.14.0/lib/node_modules/azurite/node_modules/express/lib/router/index.js:346:12)\n    at next (/home/konsta/.nvm/versions/node/v22.14.0/lib/node_modules/azurite/node_modules/express/lib/router/index.js:280:10)\n    at expressInit (/home/konsta/.nvm/versions/node/v22.14.0/lib/node_modules/azurite/node_modules/express/lib/middleware/init.js:40:5)\n    at Layer.handle [as handle_request] (/home/konsta/.nvm/versions/node/v22.14.0/lib/node_modules/azurite/node_modules/express/lib/router/layer.js:95:5)"
2026-04-12T14:46:17.729Z 9c13672c-e122-49bd-9150-73d428c0e55c error: ErrorMiddleware: Set HTTP code: 400
2026-04-12T14:46:17.729Z 9c13672c-e122-49bd-9150-73d428c0e55c error: ErrorMiddleware: Set HTTP status message: Value for one of the query parameters specified in the request URI is invalid.
2026-04-12T14:46:17.729Z 9c13672c-e122-49bd-9150-73d428c0e55c error: ErrorMiddleware: Set HTTP Header: x-ms-error-code=InvalidQueryParameterValue
2026-04-12T14:46:17.729Z 9c13672c-e122-49bd-9150-73d428c0e55c error: ErrorMiddleware: Set HTTP Header: x-ms-request-id=9c13672c-e122-49bd-9150-73d428c0e55c
2026-04-12T14:46:17.729Z 9c13672c-e122-49bd-9150-73d428c0e55c error: ErrorMiddleware: Set content type: application/xml
2026-04-12T14:46:17.729Z 9c13672c-e122-49bd-9150-73d428c0e55c error: ErrorMiddleware: Set HTTP body: "<?xml version=\"1.0\" encoding=\"UTF-8\" standalone=\"yes\"?>\n<Error>\n  <Code>InvalidQueryParameterValue</Code>\n  <Message>Value for one of the query parameters specified in the request URI is invalid.\nRequestId:9c13672c-e122-49bd-9150-73d428c0e55c\nTime:2026-04-12T14:46:17.723Z</Message>\n</Error>"
2026-04-12T14:46:17.730Z 9c13672c-e122-49bd-9150-73d428c0e55c verbose: Send Blob telemetry: B_Service_SetProperties
2026-04-12T14:46:17.731Z 9c13672c-e122-49bd-9150-73d428c0e55c info: EndMiddleware: End response. TotalTimeInMS=9 StatusCode=400 StatusMessage=Value for one of the query parameters specified in the request URI is invalid. Headers={"server":"Azurite-Blob/3.35.0","x-ms-error-code":"InvalidQueryParameterValue","x-ms-request-id":"9c13672c-e122-49bd-9150-73d428c0e55c","content-type":"application/xml"}
2026-04-12T14:46:27.630Z a7a40625-82b7-4b6b-9843-276dadc4b6f3 info: BlobStorageContextMiddleware: RequestMethod=HEAD RequestURL=http://127.0.0.1/devstoreaccount1/azure-webjobs-hosts/locks/ubuntudev-1527945004/Host.Functions.timerTriggerGetFuelPricesToDb.Listener RequestHeaders:{"host":"127.0.0.1:10000","x-ms-version":"2024-11-04","accept":"application/xml","x-ms-client-request-id":"e5ef58b5-6980-4bad-b5ce-0526528adc5e","x-ms-return-client-request-id":"true","user-agent":"azsdk-net-Storage.Blobs/12.22.1 (.NET 8.0.25; Ubuntu 24.04.4 LTS)","x-ms-date":"Sun, 12 Apr 2026 14:46:27 GMT","authorization":"SharedKey devstoreaccount1:/grEjfoFc8JZwaXSgcHajEsHAYMycDI3TutvLqB1kF8="} ClientIP=127.0.0.1 Protocol=http HTTPVersion=1.1
2026-04-12T14:46:27.630Z a7a40625-82b7-4b6b-9843-276dadc4b6f3 info: BlobStorageContextMiddleware: Account=devstoreaccount1 Container=azure-webjobs-hosts Blob=locks/ubuntudev-1527945004/Host.Functions.timerTriggerGetFuelPricesToDb.Listener
2026-04-12T14:46:27.631Z a7a40625-82b7-4b6b-9843-276dadc4b6f3 verbose: DispatchMiddleware: Dispatching request...
2026-04-12T14:46:27.635Z a7a40625-82b7-4b6b-9843-276dadc4b6f3 info: DispatchMiddleware: Operation=Blob_GetProperties
2026-04-12T14:46:27.636Z a7a40625-82b7-4b6b-9843-276dadc4b6f3 verbose: AuthenticationMiddlewareFactory:createAuthenticationMiddleware() Validating authentications.
2026-04-12T14:46:27.636Z a7a40625-82b7-4b6b-9843-276dadc4b6f3 info: PublicAccessAuthenticator:validate() Start validation against public access.
2026-04-12T14:46:27.636Z a7a40625-82b7-4b6b-9843-276dadc4b6f3 debug: PublicAccessAuthenticator:validate() Getting account properties...
2026-04-12T14:46:27.636Z a7a40625-82b7-4b6b-9843-276dadc4b6f3 debug: PublicAccessAuthenticator:validate() Retrieved account name from context: devstoreaccount1, container: azure-webjobs-hosts, blob: locks/ubuntudev-1527945004/Host.Functions.timerTriggerGetFuelPricesToDb.Listener
2026-04-12T14:46:27.637Z a7a40625-82b7-4b6b-9843-276dadc4b6f3 debug: PublicAccessAuthenticator:validate() Skip public access authentication. Cannot get public access type for container azure-webjobs-hosts
2026-04-12T14:46:27.637Z a7a40625-82b7-4b6b-9843-276dadc4b6f3 info: BlobSharedKeyAuthenticator:validate() Start validation against account shared key authentication.
2026-04-12T14:46:27.649Z a7a40625-82b7-4b6b-9843-276dadc4b6f3 info: BlobSharedKeyAuthenticator:validate() [STRING TO SIGN]:"HEAD\n\n\n\n\n\n\n\n\n\n\n\nx-ms-client-request-id:e5ef58b5-6980-4bad-b5ce-0526528adc5e\nx-ms-date:Sun, 12 Apr 2026 14:46:27 GMT\nx-ms-return-client-request-id:true\nx-ms-version:2024-11-04\n/devstoreaccount1/devstoreaccount1/azure-webjobs-hosts/locks/ubuntudev-1527945004/Host.Functions.timerTriggerGetFuelPricesToDb.Listener"
2026-04-12T14:46:27.649Z a7a40625-82b7-4b6b-9843-276dadc4b6f3 info: BlobSharedKeyAuthenticator:validate() Calculated authentication header based on key1: SharedKey devstoreaccount1:/grEjfoFc8JZwaXSgcHajEsHAYMycDI3TutvLqB1kF8=
2026-04-12T14:46:27.649Z a7a40625-82b7-4b6b-9843-276dadc4b6f3 info: BlobSharedKeyAuthenticator:validate() Signature 1 matched.
2026-04-12T14:46:27.649Z a7a40625-82b7-4b6b-9843-276dadc4b6f3 verbose: DeserializerMiddleware: Start deserializing...
2026-04-12T14:46:27.651Z a7a40625-82b7-4b6b-9843-276dadc4b6f3 info: HandlerMiddleware: DeserializedParameters={"options":{"requestId":"e5ef58b5-6980-4bad-b5ce-0526528adc5e","leaseAccessConditions":{},"cpkInfo":{},"modifiedAccessConditions":{}},"version":"2024-11-04"}
2026-04-12T14:46:27.652Z a7a40625-82b7-4b6b-9843-276dadc4b6f3 error: ErrorMiddleware: Received a MiddlewareError, fill error information to HTTP response
2026-04-12T14:46:27.652Z a7a40625-82b7-4b6b-9843-276dadc4b6f3 error: ErrorMiddleware: ErrorName=StorageError ErrorMessage=The specified container does not exist.  ErrorHTTPStatusCode=404 ErrorHTTPStatusMessage=The specified container does not exist. ErrorHTTPHeaders={"x-ms-error-code":"ContainerNotFound","x-ms-request-id":"a7a40625-82b7-4b6b-9843-276dadc4b6f3"} ErrorHTTPBody="<?xml version=\"1.0\" encoding=\"UTF-8\" standalone=\"yes\"?>\n<Error>\n  <Code>ContainerNotFound</Code>\n  <Message>The specified container does not exist.\nRequestId:a7a40625-82b7-4b6b-9843-276dadc4b6f3\nTime:2026-04-12T14:46:27.651Z</Message>\n</Error>" ErrorStack="StorageError: The specified container does not exist.\n    at StorageErrorFactory.getContainerNotFound (/home/konsta/.nvm/versions/node/v22.14.0/lib/node_modules/azurite/dist/src/blob/errors/StorageErrorFactory.js:14:16)\n    at LokiBlobMetadataStore.checkContainerExist (/home/konsta/.nvm/versions/node/v22.14.0/lib/node_modules/azurite/dist/src/blob/persistence/LokiBlobMetadataStore.js:566:49)\n    at LokiBlobMetadataStore.getBlobWithLeaseUpdated (/home/konsta/.nvm/versions/node/v22.14.0/lib/node_modules/azurite/dist/src/blob/persistence/LokiBlobMetadataStore.js:2104:20)\n    at LokiBlobMetadataStore.getBlobProperties (/home/konsta/.nvm/versions/node/v22.14.0/lib/node_modules/azurite/dist/src/blob/persistence/LokiBlobMetadataStore.js:866:32)\n    at BlobHandler.getProperties (/home/konsta/.nvm/versions/node/v22.14.0/lib/node_modules/azurite/dist/src/blob/handlers/BlobHandler.js:73:46)\n    at /home/konsta/.nvm/versions/node/v22.14.0/lib/node_modules/azurite/dist/src/blob/generated/middleware/HandlerMiddlewareFactory.js:58:18\n    at /home/konsta/.nvm/versions/node/v22.14.0/lib/node_modules/azurite/dist/src/blob/generated/ExpressMiddlewareFactory.js:78:63\n    at Layer.handle [as handle_request] (/home/konsta/.nvm/versions/node/v22.14.0/lib/node_modules/azurite/node_modules/express/lib/router/layer.js:95:5)\n    at trim_prefix (/home/konsta/.nvm/versions/node/v22.14.0/lib/node_modules/azurite/node_modules/express/lib/router/index.js:328:13)\n    at /home/konsta/.nvm/versions/node/v22.14.0/lib/node_modules/azurite/node_modules/express/lib/router/index.js:286:9"
2026-04-12T14:46:27.652Z a7a40625-82b7-4b6b-9843-276dadc4b6f3 error: ErrorMiddleware: Set HTTP code: 404
2026-04-12T14:46:27.652Z a7a40625-82b7-4b6b-9843-276dadc4b6f3 error: ErrorMiddleware: Set HTTP status message: The specified container does not exist.
2026-04-12T14:46:27.652Z a7a40625-82b7-4b6b-9843-276dadc4b6f3 error: ErrorMiddleware: Set HTTP Header: x-ms-error-code=ContainerNotFound
2026-04-12T14:46:27.652Z a7a40625-82b7-4b6b-9843-276dadc4b6f3 error: ErrorMiddleware: Set HTTP Header: x-ms-request-id=a7a40625-82b7-4b6b-9843-276dadc4b6f3
2026-04-12T14:46:27.652Z a7a40625-82b7-4b6b-9843-276dadc4b6f3 error: ErrorMiddleware: Set HTTP body: "<?xml version=\"1.0\" encoding=\"UTF-8\" standalone=\"yes\"?>\n<Error>\n  <Code>ContainerNotFound</Code>\n  <Message>The specified container does not exist.\nRequestId:a7a40625-82b7-4b6b-9843-276dadc4b6f3\nTime:2026-04-12T14:46:27.651Z</Message>\n</Error>"
2026-04-12T14:46:27.653Z a7a40625-82b7-4b6b-9843-276dadc4b6f3 verbose: Send Blob telemetry: B_Blob_GetProperties
2026-04-12T14:46:27.653Z a7a40625-82b7-4b6b-9843-276dadc4b6f3 info: EndMiddleware: End response. TotalTimeInMS=23 StatusCode=404 StatusMessage=The specified container does not exist. Headers={"server":"Azurite-Blob/3.35.0","x-ms-error-code":"ContainerNotFound","x-ms-request-id":"a7a40625-82b7-4b6b-9843-276dadc4b6f3"}
2026-04-12T14:46:27.677Z 300d3428-8255-40fc-a6ae-c5aa25bd71d0 info: BlobStorageContextMiddleware: RequestMethod=PUT RequestURL=http://127.0.0.1/devstoreaccount1/azure-webjobs-hosts/locks/ubuntudev-1527945004/Host.Functions.timerTriggerGetFuelPricesToDb.Listener?comp=lease RequestHeaders:{"host":"127.0.0.1:10000","x-ms-lease-action":"acquire","x-ms-version":"2024-11-04","accept":"application/xml","x-ms-lease-duration":"15","x-ms-proposed-lease-id":"b92ef047-dc2d-4c53-a761-08e7cb065cd0","x-ms-client-request-id":"7d2961f5-8608-47a1-87f3-76cc322a5336","x-ms-return-client-request-id":"true","user-agent":"azsdk-net-Storage.Blobs/12.22.1 (.NET 8.0.25; Ubuntu 24.04.4 LTS)","x-ms-date":"Sun, 12 Apr 2026 14:46:27 GMT","authorization":"SharedKey devstoreaccount1:jZ7fEIu0qR7Sa3/ow/wBRVT9V+mSHB4d+22SD5FJd4c=","content-length":"0"} ClientIP=127.0.0.1 Protocol=http HTTPVersion=1.1
2026-04-12T14:46:27.679Z 300d3428-8255-40fc-a6ae-c5aa25bd71d0 info: BlobStorageContextMiddleware: Account=devstoreaccount1 Container=azure-webjobs-hosts Blob=locks/ubuntudev-1527945004/Host.Functions.timerTriggerGetFuelPricesToDb.Listener
2026-04-12T14:46:27.679Z 300d3428-8255-40fc-a6ae-c5aa25bd71d0 verbose: DispatchMiddleware: Dispatching request...
2026-04-12T14:46:27.680Z 300d3428-8255-40fc-a6ae-c5aa25bd71d0 info: DispatchMiddleware: Operation=Blob_AcquireLease
2026-04-12T14:46:27.680Z 300d3428-8255-40fc-a6ae-c5aa25bd71d0 verbose: AuthenticationMiddlewareFactory:createAuthenticationMiddleware() Validating authentications.
2026-04-12T14:46:27.680Z 300d3428-8255-40fc-a6ae-c5aa25bd71d0 info: PublicAccessAuthenticator:validate() Start validation against public access.
2026-04-12T14:46:27.680Z 300d3428-8255-40fc-a6ae-c5aa25bd71d0 debug: PublicAccessAuthenticator:validate() Getting account properties...
2026-04-12T14:46:27.680Z 300d3428-8255-40fc-a6ae-c5aa25bd71d0 debug: PublicAccessAuthenticator:validate() Retrieved account name from context: devstoreaccount1, container: azure-webjobs-hosts, blob: locks/ubuntudev-1527945004/Host.Functions.timerTriggerGetFuelPricesToDb.Listener
2026-04-12T14:46:27.681Z 300d3428-8255-40fc-a6ae-c5aa25bd71d0 debug: PublicAccessAuthenticator:validate() Skip public access authentication. Cannot get public access type for container azure-webjobs-hosts
2026-04-12T14:46:27.681Z 300d3428-8255-40fc-a6ae-c5aa25bd71d0 info: BlobSharedKeyAuthenticator:validate() Start validation against account shared key authentication.
2026-04-12T14:46:27.681Z 300d3428-8255-40fc-a6ae-c5aa25bd71d0 info: BlobSharedKeyAuthenticator:validate() [STRING TO SIGN]:"PUT\n\n\n\n\n\n\n\n\n\n\n\nx-ms-client-request-id:7d2961f5-8608-47a1-87f3-76cc322a5336\nx-ms-date:Sun, 12 Apr 2026 14:46:27 GMT\nx-ms-lease-action:acquire\nx-ms-lease-duration:15\nx-ms-proposed-lease-id:b92ef047-dc2d-4c53-a761-08e7cb065cd0\nx-ms-return-client-request-id:true\nx-ms-version:2024-11-04\n/devstoreaccount1/devstoreaccount1/azure-webjobs-hosts/locks/ubuntudev-1527945004/Host.Functions.timerTriggerGetFuelPricesToDb.Listener\ncomp:lease"
2026-04-12T14:46:27.681Z 300d3428-8255-40fc-a6ae-c5aa25bd71d0 info: BlobSharedKeyAuthenticator:validate() Calculated authentication header based on key1: SharedKey devstoreaccount1:jZ7fEIu0qR7Sa3/ow/wBRVT9V+mSHB4d+22SD5FJd4c=
2026-04-12T14:46:27.681Z 300d3428-8255-40fc-a6ae-c5aa25bd71d0 info: BlobSharedKeyAuthenticator:validate() Signature 1 matched.
2026-04-12T14:46:27.681Z 300d3428-8255-40fc-a6ae-c5aa25bd71d0 verbose: DeserializerMiddleware: Start deserializing...
2026-04-12T14:46:27.682Z 300d3428-8255-40fc-a6ae-c5aa25bd71d0 info: HandlerMiddleware: DeserializedParameters={"options":{"duration":15,"proposedLeaseId":"b92ef047-dc2d-4c53-a761-08e7cb065cd0","requestId":"7d2961f5-8608-47a1-87f3-76cc322a5336","modifiedAccessConditions":{}},"comp":"lease","version":"2024-11-04","action":"acquire"}
2026-04-12T14:46:27.682Z 300d3428-8255-40fc-a6ae-c5aa25bd71d0 error: ErrorMiddleware: Received a MiddlewareError, fill error information to HTTP response
2026-04-12T14:46:27.682Z 300d3428-8255-40fc-a6ae-c5aa25bd71d0 error: ErrorMiddleware: ErrorName=StorageError ErrorMessage=The specified container does not exist.  ErrorHTTPStatusCode=404 ErrorHTTPStatusMessage=The specified container does not exist. ErrorHTTPHeaders={"x-ms-error-code":"ContainerNotFound","x-ms-request-id":"300d3428-8255-40fc-a6ae-c5aa25bd71d0"} ErrorHTTPBody="<?xml version=\"1.0\" encoding=\"UTF-8\" standalone=\"yes\"?>\n<Error>\n  <Code>ContainerNotFound</Code>\n  <Message>The specified container does not exist.\nRequestId:300d3428-8255-40fc-a6ae-c5aa25bd71d0\nTime:2026-04-12T14:46:27.682Z</Message>\n</Error>" ErrorStack="StorageError: The specified container does not exist.\n    at StorageErrorFactory.getContainerNotFound (/home/konsta/.nvm/versions/node/v22.14.0/lib/node_modules/azurite/dist/src/blob/errors/StorageErrorFactory.js:14:16)\n    at LokiBlobMetadataStore.checkContainerExist (/home/konsta/.nvm/versions/node/v22.14.0/lib/node_modules/azurite/dist/src/blob/persistence/LokiBlobMetadataStore.js:566:49)\n    at LokiBlobMetadataStore.getBlobWithLeaseUpdated (/home/konsta/.nvm/versions/node/v22.14.0/lib/node_modules/azurite/dist/src/blob/persistence/LokiBlobMetadataStore.js:2104:20)\n    at LokiBlobMetadataStore.acquireBlobLease (/home/konsta/.nvm/versions/node/v22.14.0/lib/node_modules/azurite/dist/src/blob/persistence/LokiBlobMetadataStore.js:1044:32)\n    at BlobHandler.acquireLease (/home/konsta/.nvm/versions/node/v22.14.0/lib/node_modules/azurite/dist/src/blob/handlers/BlobHandler.js:242:46)\n    at /home/konsta/.nvm/versions/node/v22.14.0/lib/node_modules/azurite/dist/src/blob/generated/middleware/HandlerMiddlewareFactory.js:58:18\n    at /home/konsta/.nvm/versions/node/v22.14.0/lib/node_modules/azurite/dist/src/blob/generated/ExpressMiddlewareFactory.js:78:63\n    at Layer.handle [as handle_request] (/home/konsta/.nvm/versions/node/v22.14.0/lib/node_modules/azurite/node_modules/express/lib/router/layer.js:95:5)\n    at trim_prefix (/home/konsta/.nvm/versions/node/v22.14.0/lib/node_modules/azurite/node_modules/express/lib/router/index.js:328:13)\n    at /home/konsta/.nvm/versions/node/v22.14.0/lib/node_modules/azurite/node_modules/express/lib/router/index.js:286:9"
2026-04-12T14:46:27.682Z 300d3428-8255-40fc-a6ae-c5aa25bd71d0 error: ErrorMiddleware: Set HTTP code: 404
2026-04-12T14:46:27.682Z 300d3428-8255-40fc-a6ae-c5aa25bd71d0 error: ErrorMiddleware: Set HTTP status message: The specified container does not exist.
2026-04-12T14:46:27.682Z 300d3428-8255-40fc-a6ae-c5aa25bd71d0 error: ErrorMiddleware: Set HTTP Header: x-ms-error-code=ContainerNotFound
2026-04-12T14:46:27.682Z 300d3428-8255-40fc-a6ae-c5aa25bd71d0 error: ErrorMiddleware: Set HTTP Header: x-ms-request-id=300d3428-8255-40fc-a6ae-c5aa25bd71d0
2026-04-12T14:46:27.682Z 300d3428-8255-40fc-a6ae-c5aa25bd71d0 error: ErrorMiddleware: Set content type: application/xml
2026-04-12T14:46:27.682Z 300d3428-8255-40fc-a6ae-c5aa25bd71d0 error: ErrorMiddleware: Set HTTP body: "<?xml version=\"1.0\" encoding=\"UTF-8\" standalone=\"yes\"?>\n<Error>\n  <Code>ContainerNotFound</Code>\n  <Message>The specified container does not exist.\nRequestId:300d3428-8255-40fc-a6ae-c5aa25bd71d0\nTime:2026-04-12T14:46:27.682Z</Message>\n</Error>"
2026-04-12T14:46:27.683Z 300d3428-8255-40fc-a6ae-c5aa25bd71d0 verbose: Send Blob telemetry: B_Blob_AcquireLease
2026-04-12T14:46:27.683Z 300d3428-8255-40fc-a6ae-c5aa25bd71d0 info: EndMiddleware: End response. TotalTimeInMS=6 StatusCode=404 StatusMessage=The specified container does not exist. Headers={"server":"Azurite-Blob/3.35.0","x-ms-error-code":"ContainerNotFound","x-ms-request-id":"300d3428-8255-40fc-a6ae-c5aa25bd71d0","content-type":"application/xml"}
2026-04-12T14:46:27.707Z 884b896e-ddf1-4e2e-b9c0-36c49ed57e68 info: BlobStorageContextMiddleware: RequestMethod=PUT RequestURL=http://127.0.0.1/devstoreaccount1/azure-webjobs-hosts/locks/ubuntudev-1527945004/Host.Functions.timerTriggerGetFuelPricesToDb.Listener RequestHeaders:{"host":"127.0.0.1:10000","x-ms-blob-type":"BlockBlob","if-none-match":"*","x-ms-version":"2024-11-04","accept":"application/xml","x-ms-client-request-id":"9d615d64-1b3d-4a47-876c-1791d2aa0222","x-ms-return-client-request-id":"true","user-agent":"azsdk-net-Storage.Blobs/12.22.1 (.NET 8.0.25; Ubuntu 24.04.4 LTS)","x-ms-date":"Sun, 12 Apr 2026 14:46:27 GMT","authorization":"SharedKey devstoreaccount1:ct5xFJtbRxdyg3efe7Sd8QJm92jD1ci8NoUrzB+dN3c=","content-length":"0","content-type":"application/octet-stream"} ClientIP=127.0.0.1 Protocol=http HTTPVersion=1.1
2026-04-12T14:46:27.707Z 884b896e-ddf1-4e2e-b9c0-36c49ed57e68 info: BlobStorageContextMiddleware: Account=devstoreaccount1 Container=azure-webjobs-hosts Blob=locks/ubuntudev-1527945004/Host.Functions.timerTriggerGetFuelPricesToDb.Listener
2026-04-12T14:46:27.707Z 884b896e-ddf1-4e2e-b9c0-36c49ed57e68 verbose: DispatchMiddleware: Dispatching request...
2026-04-12T14:46:27.708Z 884b896e-ddf1-4e2e-b9c0-36c49ed57e68 info: DispatchMiddleware: Operation=BlockBlob_Upload
2026-04-12T14:46:27.708Z 884b896e-ddf1-4e2e-b9c0-36c49ed57e68 verbose: AuthenticationMiddlewareFactory:createAuthenticationMiddleware() Validating authentications.
2026-04-12T14:46:27.708Z 884b896e-ddf1-4e2e-b9c0-36c49ed57e68 info: PublicAccessAuthenticator:validate() Start validation against public access.
2026-04-12T14:46:27.708Z 884b896e-ddf1-4e2e-b9c0-36c49ed57e68 debug: PublicAccessAuthenticator:validate() Getting account properties...
2026-04-12T14:46:27.708Z 884b896e-ddf1-4e2e-b9c0-36c49ed57e68 debug: PublicAccessAuthenticator:validate() Retrieved account name from context: devstoreaccount1, container: azure-webjobs-hosts, blob: locks/ubuntudev-1527945004/Host.Functions.timerTriggerGetFuelPricesToDb.Listener
2026-04-12T14:46:27.709Z 884b896e-ddf1-4e2e-b9c0-36c49ed57e68 debug: PublicAccessAuthenticator:validate() Skip public access authentication. Cannot get public access type for container azure-webjobs-hosts
2026-04-12T14:46:27.709Z 884b896e-ddf1-4e2e-b9c0-36c49ed57e68 info: BlobSharedKeyAuthenticator:validate() Start validation against account shared key authentication.
2026-04-12T14:46:27.709Z 884b896e-ddf1-4e2e-b9c0-36c49ed57e68 info: BlobSharedKeyAuthenticator:validate() [STRING TO SIGN]:"PUT\n\n\n\n\napplication/octet-stream\n\n\n\n*\n\n\nx-ms-blob-type:BlockBlob\nx-ms-client-request-id:9d615d64-1b3d-4a47-876c-1791d2aa0222\nx-ms-date:Sun, 12 Apr 2026 14:46:27 GMT\nx-ms-return-client-request-id:true\nx-ms-version:2024-11-04\n/devstoreaccount1/devstoreaccount1/azure-webjobs-hosts/locks/ubuntudev-1527945004/Host.Functions.timerTriggerGetFuelPricesToDb.Listener"
2026-04-12T14:46:27.709Z 884b896e-ddf1-4e2e-b9c0-36c49ed57e68 info: BlobSharedKeyAuthenticator:validate() Calculated authentication header based on key1: SharedKey devstoreaccount1:ct5xFJtbRxdyg3efe7Sd8QJm92jD1ci8NoUrzB+dN3c=
2026-04-12T14:46:27.709Z 884b896e-ddf1-4e2e-b9c0-36c49ed57e68 info: BlobSharedKeyAuthenticator:validate() Signature 1 matched.
2026-04-12T14:46:27.709Z 884b896e-ddf1-4e2e-b9c0-36c49ed57e68 verbose: DeserializerMiddleware: Start deserializing...
2026-04-12T14:46:27.709Z 884b896e-ddf1-4e2e-b9c0-36c49ed57e68 info: HandlerMiddleware: DeserializedParameters={"options":{"metadata":{},"requestId":"9d615d64-1b3d-4a47-876c-1791d2aa0222","blobHTTPHeaders":{},"leaseAccessConditions":{},"cpkInfo":{},"cpkScopeInfo":{},"modifiedAccessConditions":{"ifNoneMatch":"*"}},"contentLength":0,"version":"2024-11-04","blobType":"BlockBlob","body":"ReadableStream"}
2026-04-12T14:46:27.710Z 884b896e-ddf1-4e2e-b9c0-36c49ed57e68 error: ErrorMiddleware: Received a MiddlewareError, fill error information to HTTP response
2026-04-12T14:46:27.710Z 884b896e-ddf1-4e2e-b9c0-36c49ed57e68 error: ErrorMiddleware: ErrorName=StorageError ErrorMessage=The specified container does not exist.  ErrorHTTPStatusCode=404 ErrorHTTPStatusMessage=The specified container does not exist. ErrorHTTPHeaders={"x-ms-error-code":"ContainerNotFound","x-ms-request-id":"884b896e-ddf1-4e2e-b9c0-36c49ed57e68"} ErrorHTTPBody="<?xml version=\"1.0\" encoding=\"UTF-8\" standalone=\"yes\"?>\n<Error>\n  <Code>ContainerNotFound</Code>\n  <Message>The specified container does not exist.\nRequestId:884b896e-ddf1-4e2e-b9c0-36c49ed57e68\nTime:2026-04-12T14:46:27.710Z</Message>\n</Error>" ErrorStack="StorageError: The specified container does not exist.\n    at StorageErrorFactory.getContainerNotFound (/home/konsta/.nvm/versions/node/v22.14.0/lib/node_modules/azurite/dist/src/blob/errors/StorageErrorFactory.js:14:16)\n    at LokiBlobMetadataStore.checkContainerExist (/home/konsta/.nvm/versions/node/v22.14.0/lib/node_modules/azurite/dist/src/blob/persistence/LokiBlobMetadataStore.js:566:49)\n    at BlockBlobHandler.upload (/home/konsta/.nvm/versions/node/v22.14.0/lib/node_modules/azurite/dist/src/blob/handlers/BlockBlobHandler.js:40:34)\n    at /home/konsta/.nvm/versions/node/v22.14.0/lib/node_modules/azurite/dist/src/blob/generated/middleware/HandlerMiddlewareFactory.js:58:18\n    at /home/konsta/.nvm/versions/node/v22.14.0/lib/node_modules/azurite/dist/src/blob/generated/ExpressMiddlewareFactory.js:78:63\n    at Layer.handle [as handle_request] (/home/konsta/.nvm/versions/node/v22.14.0/lib/node_modules/azurite/node_modules/express/lib/router/layer.js:95:5)\n    at trim_prefix (/home/konsta/.nvm/versions/node/v22.14.0/lib/node_modules/azurite/node_modules/express/lib/router/index.js:328:13)\n    at /home/konsta/.nvm/versions/node/v22.14.0/lib/node_modules/azurite/node_modules/express/lib/router/index.js:286:9\n    at Function.process_params (/home/konsta/.nvm/versions/node/v22.14.0/lib/node_modules/azurite/node_modules/express/lib/router/index.js:346:12)\n    at next (/home/konsta/.nvm/versions/node/v22.14.0/lib/node_modules/azurite/node_modules/express/lib/router/index.js:280:10)"
2026-04-12T14:46:27.710Z 884b896e-ddf1-4e2e-b9c0-36c49ed57e68 error: ErrorMiddleware: Set HTTP code: 404
2026-04-12T14:46:27.710Z 884b896e-ddf1-4e2e-b9c0-36c49ed57e68 error: ErrorMiddleware: Set HTTP status message: The specified container does not exist.
2026-04-12T14:46:27.710Z 884b896e-ddf1-4e2e-b9c0-36c49ed57e68 error: ErrorMiddleware: Set HTTP Header: x-ms-error-code=ContainerNotFound
2026-04-12T14:46:27.710Z 884b896e-ddf1-4e2e-b9c0-36c49ed57e68 error: ErrorMiddleware: Set HTTP Header: x-ms-request-id=884b896e-ddf1-4e2e-b9c0-36c49ed57e68
2026-04-12T14:46:27.710Z 884b896e-ddf1-4e2e-b9c0-36c49ed57e68 error: ErrorMiddleware: Set content type: application/xml
2026-04-12T14:46:27.710Z 884b896e-ddf1-4e2e-b9c0-36c49ed57e68 error: ErrorMiddleware: Set HTTP body: "<?xml version=\"1.0\" encoding=\"UTF-8\" standalone=\"yes\"?>\n<Error>\n  <Code>ContainerNotFound</Code>\n  <Message>The specified container does not exist.\nRequestId:884b896e-ddf1-4e2e-b9c0-36c49ed57e68\nTime:2026-04-12T14:46:27.710Z</Message>\n</Error>"
2026-04-12T14:46:27.711Z 884b896e-ddf1-4e2e-b9c0-36c49ed57e68 verbose: Send Blob telemetry: B_BlockBlob_Upload
2026-04-12T14:46:27.711Z 884b896e-ddf1-4e2e-b9c0-36c49ed57e68 info: EndMiddleware: End response. TotalTimeInMS=4 StatusCode=404 StatusMessage=The specified container does not exist. Headers={"server":"Azurite-Blob/3.35.0","x-ms-error-code":"ContainerNotFound","x-ms-request-id":"884b896e-ddf1-4e2e-b9c0-36c49ed57e68","content-type":"application/xml"}
2026-04-12T14:46:27.719Z 0dba222e-f7eb-47b7-8abc-bd8230dd7b5f info: BlobStorageContextMiddleware: RequestMethod=PUT RequestURL=http://127.0.0.1/devstoreaccount1/azure-webjobs-hosts?restype=container RequestHeaders:{"host":"127.0.0.1:10000","x-ms-version":"2024-11-04","accept":"application/xml","x-ms-client-request-id":"5429dd1e-d573-4bef-947b-0400c3ba1964","x-ms-return-client-request-id":"true","user-agent":"azsdk-net-Storage.Blobs/12.22.1 (.NET 8.0.25; Ubuntu 24.04.4 LTS)","x-ms-date":"Sun, 12 Apr 2026 14:46:27 GMT","authorization":"SharedKey devstoreaccount1:yAuQCIepYTCwIr3M34wHDvk9jNyeENVrXVxWwjcf/74=","content-length":"0"} ClientIP=127.0.0.1 Protocol=http HTTPVersion=1.1
2026-04-12T14:46:27.719Z 0dba222e-f7eb-47b7-8abc-bd8230dd7b5f info: BlobStorageContextMiddleware: Account=devstoreaccount1 Container=azure-webjobs-hosts Blob=
2026-04-12T14:46:27.719Z 0dba222e-f7eb-47b7-8abc-bd8230dd7b5f verbose: DispatchMiddleware: Dispatching request...
2026-04-12T14:46:27.720Z 0dba222e-f7eb-47b7-8abc-bd8230dd7b5f info: DispatchMiddleware: Operation=Container_Create
2026-04-12T14:46:27.720Z 0dba222e-f7eb-47b7-8abc-bd8230dd7b5f verbose: AuthenticationMiddlewareFactory:createAuthenticationMiddleware() Validating authentications.
2026-04-12T14:46:27.720Z 0dba222e-f7eb-47b7-8abc-bd8230dd7b5f info: PublicAccessAuthenticator:validate() Start validation against public access.
2026-04-12T14:46:27.720Z 0dba222e-f7eb-47b7-8abc-bd8230dd7b5f debug: PublicAccessAuthenticator:validate() Getting account properties...
2026-04-12T14:46:27.720Z 0dba222e-f7eb-47b7-8abc-bd8230dd7b5f debug: PublicAccessAuthenticator:validate() Retrieved account name from context: devstoreaccount1, container: azure-webjobs-hosts, blob: 
2026-04-12T14:46:27.720Z 0dba222e-f7eb-47b7-8abc-bd8230dd7b5f debug: PublicAccessAuthenticator:validate() Skip public access authentication. Cannot get public access type for container azure-webjobs-hosts
2026-04-12T14:46:27.720Z 0dba222e-f7eb-47b7-8abc-bd8230dd7b5f info: BlobSharedKeyAuthenticator:validate() Start validation against account shared key authentication.
2026-04-12T14:46:27.720Z 0dba222e-f7eb-47b7-8abc-bd8230dd7b5f info: BlobSharedKeyAuthenticator:validate() [STRING TO SIGN]:"PUT\n\n\n\n\n\n\n\n\n\n\n\nx-ms-client-request-id:5429dd1e-d573-4bef-947b-0400c3ba1964\nx-ms-date:Sun, 12 Apr 2026 14:46:27 GMT\nx-ms-return-client-request-id:true\nx-ms-version:2024-11-04\n/devstoreaccount1/devstoreaccount1/azure-webjobs-hosts\nrestype:container"
2026-04-12T14:46:27.721Z 0dba222e-f7eb-47b7-8abc-bd8230dd7b5f info: BlobSharedKeyAuthenticator:validate() Calculated authentication header based on key1: SharedKey devstoreaccount1:yAuQCIepYTCwIr3M34wHDvk9jNyeENVrXVxWwjcf/74=
2026-04-12T14:46:27.721Z 0dba222e-f7eb-47b7-8abc-bd8230dd7b5f info: BlobSharedKeyAuthenticator:validate() Signature 1 matched.
2026-04-12T14:46:27.721Z 0dba222e-f7eb-47b7-8abc-bd8230dd7b5f verbose: DeserializerMiddleware: Start deserializing...
2026-04-12T14:46:27.721Z 0dba222e-f7eb-47b7-8abc-bd8230dd7b5f info: HandlerMiddleware: DeserializedParameters={"options":{"metadata":{},"requestId":"5429dd1e-d573-4bef-947b-0400c3ba1964","containerCpkScopeInfo":{}},"restype":"container","version":"2024-11-04"}
2026-04-12T14:46:27.722Z 0dba222e-f7eb-47b7-8abc-bd8230dd7b5f verbose: SerializerMiddleware: Start serializing...
2026-04-12T14:46:27.723Z 0dba222e-f7eb-47b7-8abc-bd8230dd7b5f verbose: Send Blob telemetry: B_Container_Create
2026-04-12T14:46:27.723Z 0dba222e-f7eb-47b7-8abc-bd8230dd7b5f info: EndMiddleware: End response. TotalTimeInMS=4 StatusCode=201 StatusMessage=undefined Headers={"server":"Azurite-Blob/3.35.0","etag":"\"0x22BE447C97C5C60\"","last-modified":"Sun, 12 Apr 2026 14:46:27 GMT","x-ms-client-request-id":"5429dd1e-d573-4bef-947b-0400c3ba1964","x-ms-request-id":"0dba222e-f7eb-47b7-8abc-bd8230dd7b5f","x-ms-version":"2025-11-05"}
2026-04-12T14:46:27.728Z 7d8d062d-5bf4-456b-9978-68fe3425b51b info: BlobStorageContextMiddleware: RequestMethod=PUT RequestURL=http://127.0.0.1/devstoreaccount1/azure-webjobs-hosts/locks/ubuntudev-1527945004/Host.Functions.timerTriggerGetFuelPricesToDb.Listener RequestHeaders:{"host":"127.0.0.1:10000","x-ms-blob-type":"BlockBlob","if-none-match":"*","x-ms-version":"2024-11-04","accept":"application/xml","x-ms-client-request-id":"e095997c-158c-49f3-9c0b-a9f9c5b28ec0","x-ms-return-client-request-id":"true","user-agent":"azsdk-net-Storage.Blobs/12.22.1 (.NET 8.0.25; Ubuntu 24.04.4 LTS)","x-ms-date":"Sun, 12 Apr 2026 14:46:27 GMT","authorization":"SharedKey devstoreaccount1:R73ar+vqxd3cIbWJjxXB9TyZROUuGQQl38Gc06ecngk=","content-length":"0","content-type":"application/octet-stream"} ClientIP=127.0.0.1 Protocol=http HTTPVersion=1.1
2026-04-12T14:46:27.728Z 7d8d062d-5bf4-456b-9978-68fe3425b51b info: BlobStorageContextMiddleware: Account=devstoreaccount1 Container=azure-webjobs-hosts Blob=locks/ubuntudev-1527945004/Host.Functions.timerTriggerGetFuelPricesToDb.Listener
2026-04-12T14:46:27.728Z 7d8d062d-5bf4-456b-9978-68fe3425b51b verbose: DispatchMiddleware: Dispatching request...
2026-04-12T14:46:27.728Z 7d8d062d-5bf4-456b-9978-68fe3425b51b info: DispatchMiddleware: Operation=BlockBlob_Upload
2026-04-12T14:46:27.729Z 7d8d062d-5bf4-456b-9978-68fe3425b51b verbose: AuthenticationMiddlewareFactory:createAuthenticationMiddleware() Validating authentications.
2026-04-12T14:46:27.729Z 7d8d062d-5bf4-456b-9978-68fe3425b51b info: PublicAccessAuthenticator:validate() Start validation against public access.
2026-04-12T14:46:27.729Z 7d8d062d-5bf4-456b-9978-68fe3425b51b debug: PublicAccessAuthenticator:validate() Getting account properties...
2026-04-12T14:46:27.729Z 7d8d062d-5bf4-456b-9978-68fe3425b51b debug: PublicAccessAuthenticator:validate() Retrieved account name from context: devstoreaccount1, container: azure-webjobs-hosts, blob: locks/ubuntudev-1527945004/Host.Functions.timerTriggerGetFuelPricesToDb.Listener
2026-04-12T14:46:27.730Z 7d8d062d-5bf4-456b-9978-68fe3425b51b debug: PublicAccessAuthenticator:validate() Skip public access authentication. Cannot get public access type for container azure-webjobs-hosts
2026-04-12T14:46:27.730Z 7d8d062d-5bf4-456b-9978-68fe3425b51b info: BlobSharedKeyAuthenticator:validate() Start validation against account shared key authentication.
2026-04-12T14:46:27.730Z 7d8d062d-5bf4-456b-9978-68fe3425b51b info: BlobSharedKeyAuthenticator:validate() [STRING TO SIGN]:"PUT\n\n\n\n\napplication/octet-stream\n\n\n\n*\n\n\nx-ms-blob-type:BlockBlob\nx-ms-client-request-id:e095997c-158c-49f3-9c0b-a9f9c5b28ec0\nx-ms-date:Sun, 12 Apr 2026 14:46:27 GMT\nx-ms-return-client-request-id:true\nx-ms-version:2024-11-04\n/devstoreaccount1/devstoreaccount1/azure-webjobs-hosts/locks/ubuntudev-1527945004/Host.Functions.timerTriggerGetFuelPricesToDb.Listener"
2026-04-12T14:46:27.730Z 7d8d062d-5bf4-456b-9978-68fe3425b51b info: BlobSharedKeyAuthenticator:validate() Calculated authentication header based on key1: SharedKey devstoreaccount1:R73ar+vqxd3cIbWJjxXB9TyZROUuGQQl38Gc06ecngk=
2026-04-12T14:46:27.730Z 7d8d062d-5bf4-456b-9978-68fe3425b51b info: BlobSharedKeyAuthenticator:validate() Signature 1 matched.
2026-04-12T14:46:27.730Z 7d8d062d-5bf4-456b-9978-68fe3425b51b verbose: DeserializerMiddleware: Start deserializing...
2026-04-12T14:46:27.730Z 7d8d062d-5bf4-456b-9978-68fe3425b51b info: HandlerMiddleware: DeserializedParameters={"options":{"metadata":{},"requestId":"e095997c-158c-49f3-9c0b-a9f9c5b28ec0","blobHTTPHeaders":{},"leaseAccessConditions":{},"cpkInfo":{},"cpkScopeInfo":{},"modifiedAccessConditions":{"ifNoneMatch":"*"}},"contentLength":0,"version":"2024-11-04","blobType":"BlockBlob","body":"ReadableStream"}
2026-04-12T14:46:27.731Z 7d8d062d-5bf4-456b-9978-68fe3425b51b debug: OperationQueue.operate() Schedule incoming job d2ce3658-8497-459c-8699-2a9409f6d0a0
2026-04-12T14:46:27.731Z 7d8d062d-5bf4-456b-9978-68fe3425b51b debug: OperationQueue:execute() Current runningConcurrency:0 maxConcurrency:50 operations.length:1
2026-04-12T14:46:27.731Z 7d8d062d-5bf4-456b-9978-68fe3425b51b info: FSExtentStore:appendExtent() Select extent from idle location for extent append operation. LocationId:1 extentId:4c1a48af-2614-4a52-8d74-4b551cc021e7 offset:0 MAX_EXTENT_SIZE:67108864 
2026-04-12T14:46:27.731Z 7d8d062d-5bf4-456b-9978-68fe3425b51b debug: FSExtentStore:appendExtent() Get fd:undefined for extent:4c1a48af-2614-4a52-8d74-4b551cc021e7 from cache.
2026-04-12T14:46:27.732Z 7d8d062d-5bf4-456b-9978-68fe3425b51b debug: FSExtentStore:appendExtent() Open file:/home/konsta/projects/azure-personal/.azurite/__blobstorage__/4c1a48af-2614-4a52-8d74-4b551cc021e7 for extent:4c1a48af-2614-4a52-8d74-4b551cc021e7, get new fd:30
2026-04-12T14:46:27.732Z 7d8d062d-5bf4-456b-9978-68fe3425b51b debug: FSExtentStore:appendExtent() Created write stream for fd:30
2026-04-12T14:46:27.732Z 7d8d062d-5bf4-456b-9978-68fe3425b51b debug: FSExtentStore:appendExtent() Start writing to extent 4c1a48af-2614-4a52-8d74-4b551cc021e7
2026-04-12T14:46:27.732Z 7d8d062d-5bf4-456b-9978-68fe3425b51b debug: FSExtentStore:streamPipe() Start piping data to write stream
2026-04-12T14:46:27.732Z 7d8d062d-5bf4-456b-9978-68fe3425b51b debug: FSExtentStore:streamPipe() Readable stream triggers close event, 0 bytes piped
2026-04-12T14:46:27.732Z 7d8d062d-5bf4-456b-9978-68fe3425b51b debug: FSExtentStore:streamPipe() Invoke write stream end()
2026-04-12T14:46:27.732Z 7d8d062d-5bf4-456b-9978-68fe3425b51b debug: FSExtentStore:streamPipe() Writable stream triggers finish event, after 0 bytes piped. Flush data to fd:30.
2026-04-12T14:46:27.733Z 7d8d062d-5bf4-456b-9978-68fe3425b51b debug: FSExtentStore:streamPipe() Readable stream triggers close event, 0 bytes piped
2026-04-12T14:46:27.738Z 7d8d062d-5bf4-456b-9978-68fe3425b51b debug: FSExtentStore:streamPipe() Flush data to fd:30 successfully. Resolve streamPipe().
2026-04-12T14:46:27.738Z 7d8d062d-5bf4-456b-9978-68fe3425b51b debug: FSExtentStore:appendExtent() Write finish, start updating extent metadata. extent:{"id":"4c1a48af-2614-4a52-8d74-4b551cc021e7","locationId":"Default","path":"4c1a48af-2614-4a52-8d74-4b551cc021e7","size":0,"lastModifiedInMS":1776005187738}
2026-04-12T14:46:27.739Z 7d8d062d-5bf4-456b-9978-68fe3425b51b debug: FSExtentStore:appendExtent() Update extent metadata done. Resolve()
2026-04-12T14:46:27.739Z 7d8d062d-5bf4-456b-9978-68fe3425b51b debug: OperationQueue.operate() Job d2ce3658-8497-459c-8699-2a9409f6d0a0 completes callback, resolve.
2026-04-12T14:46:27.739Z 7d8d062d-5bf4-456b-9978-68fe3425b51b debug: OperationQueue:execute() Current runningConcurrency:0 maxConcurrency:50 operations.length:0
2026-04-12T14:46:27.739Z 7d8d062d-5bf4-456b-9978-68fe3425b51b debug: OperationQueue:execute() return. Operation.length === 0
2026-04-12T14:46:27.740Z 7d8d062d-5bf4-456b-9978-68fe3425b51b verbose: SerializerMiddleware: Start serializing...
2026-04-12T14:46:27.741Z 7d8d062d-5bf4-456b-9978-68fe3425b51b verbose: Send Blob telemetry: B_BlockBlob_Upload
2026-04-12T14:46:27.741Z 7d8d062d-5bf4-456b-9978-68fe3425b51b info: EndMiddleware: End response. TotalTimeInMS=13 StatusCode=201 StatusMessage=undefined Headers={"server":"Azurite-Blob/3.35.0","etag":"\"0x222BC870DCA6220\"","last-modified":"Sun, 12 Apr 2026 14:46:27 GMT","content-md5":"1B2M2Y8AsgTpgAmY7PhCfg==","x-ms-client-request-id":"e095997c-158c-49f3-9c0b-a9f9c5b28ec0","x-ms-request-id":"7d8d062d-5bf4-456b-9978-68fe3425b51b","x-ms-version":"2025-11-05","date":"Sun, 12 Apr 2026 14:46:27 GMT","x-ms-request-server-encrypted":"true"}
2026-04-12T14:46:27.743Z 44d8a4ce-8e77-4d28-a767-a3a0bfbaf39f info: BlobStorageContextMiddleware: RequestMethod=PUT RequestURL=http://127.0.0.1/devstoreaccount1/azure-webjobs-hosts/locks/ubuntudev-1527945004/Host.Functions.timerTriggerGetFuelPricesToDb.Listener?comp=lease RequestHeaders:{"host":"127.0.0.1:10000","x-ms-lease-action":"acquire","x-ms-version":"2024-11-04","accept":"application/xml","x-ms-lease-duration":"15","x-ms-proposed-lease-id":"91160723-b42a-4aa2-b663-d18fef7a107b","x-ms-client-request-id":"c22bd8e4-0ec1-44db-a318-1b566ed74bb9","x-ms-return-client-request-id":"true","user-agent":"azsdk-net-Storage.Blobs/12.22.1 (.NET 8.0.25; Ubuntu 24.04.4 LTS)","x-ms-date":"Sun, 12 Apr 2026 14:46:27 GMT","authorization":"SharedKey devstoreaccount1:eUtzMp6CNOuAJBX656qQID8e6n/69wLmcpWaYIS1bM4=","content-length":"0"} ClientIP=127.0.0.1 Protocol=http HTTPVersion=1.1
2026-04-12T14:46:27.744Z 44d8a4ce-8e77-4d28-a767-a3a0bfbaf39f info: BlobStorageContextMiddleware: Account=devstoreaccount1 Container=azure-webjobs-hosts Blob=locks/ubuntudev-1527945004/Host.Functions.timerTriggerGetFuelPricesToDb.Listener
2026-04-12T14:46:27.744Z 44d8a4ce-8e77-4d28-a767-a3a0bfbaf39f verbose: DispatchMiddleware: Dispatching request...
2026-04-12T14:46:27.744Z 44d8a4ce-8e77-4d28-a767-a3a0bfbaf39f info: DispatchMiddleware: Operation=Blob_AcquireLease
2026-04-12T14:46:27.744Z 44d8a4ce-8e77-4d28-a767-a3a0bfbaf39f verbose: AuthenticationMiddlewareFactory:createAuthenticationMiddleware() Validating authentications.
2026-04-12T14:46:27.744Z 44d8a4ce-8e77-4d28-a767-a3a0bfbaf39f info: PublicAccessAuthenticator:validate() Start validation against public access.
2026-04-12T14:46:27.744Z 44d8a4ce-8e77-4d28-a767-a3a0bfbaf39f debug: PublicAccessAuthenticator:validate() Getting account properties...
2026-04-12T14:46:27.744Z 44d8a4ce-8e77-4d28-a767-a3a0bfbaf39f debug: PublicAccessAuthenticator:validate() Retrieved account name from context: devstoreaccount1, container: azure-webjobs-hosts, blob: locks/ubuntudev-1527945004/Host.Functions.timerTriggerGetFuelPricesToDb.Listener
2026-04-12T14:46:27.745Z 44d8a4ce-8e77-4d28-a767-a3a0bfbaf39f debug: PublicAccessAuthenticator:validate() Skip public access authentication. Cannot get public access type for container azure-webjobs-hosts
2026-04-12T14:46:27.745Z 44d8a4ce-8e77-4d28-a767-a3a0bfbaf39f info: BlobSharedKeyAuthenticator:validate() Start validation against account shared key authentication.
2026-04-12T14:46:27.745Z 44d8a4ce-8e77-4d28-a767-a3a0bfbaf39f info: BlobSharedKeyAuthenticator:validate() [STRING TO SIGN]:"PUT\n\n\n\n\n\n\n\n\n\n\n\nx-ms-client-request-id:c22bd8e4-0ec1-44db-a318-1b566ed74bb9\nx-ms-date:Sun, 12 Apr 2026 14:46:27 GMT\nx-ms-lease-action:acquire\nx-ms-lease-duration:15\nx-ms-proposed-lease-id:91160723-b42a-4aa2-b663-d18fef7a107b\nx-ms-return-client-request-id:true\nx-ms-version:2024-11-04\n/devstoreaccount1/devstoreaccount1/azure-webjobs-hosts/locks/ubuntudev-1527945004/Host.Functions.timerTriggerGetFuelPricesToDb.Listener\ncomp:lease"
2026-04-12T14:46:27.745Z 44d8a4ce-8e77-4d28-a767-a3a0bfbaf39f info: BlobSharedKeyAuthenticator:validate() Calculated authentication header based on key1: SharedKey devstoreaccount1:eUtzMp6CNOuAJBX656qQID8e6n/69wLmcpWaYIS1bM4=
2026-04-12T14:46:27.745Z 44d8a4ce-8e77-4d28-a767-a3a0bfbaf39f info: BlobSharedKeyAuthenticator:validate() Signature 1 matched.
2026-04-12T14:46:27.745Z 44d8a4ce-8e77-4d28-a767-a3a0bfbaf39f verbose: DeserializerMiddleware: Start deserializing...
2026-04-12T14:46:27.745Z 44d8a4ce-8e77-4d28-a767-a3a0bfbaf39f info: HandlerMiddleware: DeserializedParameters={"options":{"duration":15,"proposedLeaseId":"91160723-b42a-4aa2-b663-d18fef7a107b","requestId":"c22bd8e4-0ec1-44db-a318-1b566ed74bb9","modifiedAccessConditions":{}},"comp":"lease","version":"2024-11-04","action":"acquire"}
2026-04-12T14:46:27.746Z 44d8a4ce-8e77-4d28-a767-a3a0bfbaf39f verbose: SerializerMiddleware: Start serializing...
2026-04-12T14:46:27.746Z 44d8a4ce-8e77-4d28-a767-a3a0bfbaf39f verbose: Send Blob telemetry: B_Blob_AcquireLease
2026-04-12T14:46:27.747Z 44d8a4ce-8e77-4d28-a767-a3a0bfbaf39f info: EndMiddleware: End response. TotalTimeInMS=4 StatusCode=201 StatusMessage=undefined Headers={"server":"Azurite-Blob/3.35.0","etag":"\"0x222BC870DCA6220\"","last-modified":"Sun, 12 Apr 2026 14:46:27 GMT","x-ms-lease-id":"91160723-b42a-4aa2-b663-d18fef7a107b","x-ms-client-request-id":"c22bd8e4-0ec1-44db-a318-1b566ed74bb9","x-ms-request-id":"44d8a4ce-8e77-4d28-a767-a3a0bfbaf39f","x-ms-version":"2025-11-05","date":"Sun, 12 Apr 2026 14:46:27 GMT"}
2026-04-12T14:46:27.770Z 150ad06b-57fe-4a4a-a6f7-65b82fd0636b info: BlobStorageContextMiddleware: RequestMethod=GET RequestURL=http://127.0.0.1/devstoreaccount1/azure-webjobs-hosts/timers/ubuntudev-1527945004/Host.Functions.timerTriggerGetFuelPricesToDb/status RequestHeaders:{"host":"127.0.0.1:10000","x-ms-version":"2024-11-04","accept":"application/xml","x-ms-client-request-id":"cc4575d4-d24d-461a-a36a-e53a1327772e","x-ms-return-client-request-id":"true","user-agent":"azsdk-net-Storage.Blobs/12.22.1 (.NET 8.0.25; Ubuntu 24.04.4 LTS)","x-ms-date":"Sun, 12 Apr 2026 14:46:27 GMT","authorization":"SharedKey devstoreaccount1:YK24iEousRsYZ4PO5y4cFEJhS1lR2V3MfHjllYib8Lk="} ClientIP=127.0.0.1 Protocol=http HTTPVersion=1.1
2026-04-12T14:46:27.770Z 150ad06b-57fe-4a4a-a6f7-65b82fd0636b info: BlobStorageContextMiddleware: Account=devstoreaccount1 Container=azure-webjobs-hosts Blob=timers/ubuntudev-1527945004/Host.Functions.timerTriggerGetFuelPricesToDb/status
2026-04-12T14:46:27.770Z 150ad06b-57fe-4a4a-a6f7-65b82fd0636b verbose: DispatchMiddleware: Dispatching request...
2026-04-12T14:46:27.770Z 150ad06b-57fe-4a4a-a6f7-65b82fd0636b info: DispatchMiddleware: Operation=Blob_Download
2026-04-12T14:46:27.771Z 150ad06b-57fe-4a4a-a6f7-65b82fd0636b verbose: AuthenticationMiddlewareFactory:createAuthenticationMiddleware() Validating authentications.
2026-04-12T14:46:27.771Z 150ad06b-57fe-4a4a-a6f7-65b82fd0636b info: PublicAccessAuthenticator:validate() Start validation against public access.
2026-04-12T14:46:27.771Z 150ad06b-57fe-4a4a-a6f7-65b82fd0636b debug: PublicAccessAuthenticator:validate() Getting account properties...
2026-04-12T14:46:27.771Z 150ad06b-57fe-4a4a-a6f7-65b82fd0636b debug: PublicAccessAuthenticator:validate() Retrieved account name from context: devstoreaccount1, container: azure-webjobs-hosts, blob: timers/ubuntudev-1527945004/Host.Functions.timerTriggerGetFuelPricesToDb/status
2026-04-12T14:46:27.771Z 150ad06b-57fe-4a4a-a6f7-65b82fd0636b debug: PublicAccessAuthenticator:validate() Skip public access authentication. Cannot get public access type for container azure-webjobs-hosts
2026-04-12T14:46:27.771Z 150ad06b-57fe-4a4a-a6f7-65b82fd0636b info: BlobSharedKeyAuthenticator:validate() Start validation against account shared key authentication.
2026-04-12T14:46:27.771Z 150ad06b-57fe-4a4a-a6f7-65b82fd0636b info: BlobSharedKeyAuthenticator:validate() [STRING TO SIGN]:"GET\n\n\n\n\n\n\n\n\n\n\n\nx-ms-client-request-id:cc4575d4-d24d-461a-a36a-e53a1327772e\nx-ms-date:Sun, 12 Apr 2026 14:46:27 GMT\nx-ms-return-client-request-id:true\nx-ms-version:2024-11-04\n/devstoreaccount1/devstoreaccount1/azure-webjobs-hosts/timers/ubuntudev-1527945004/Host.Functions.timerTriggerGetFuelPricesToDb/status"
2026-04-12T14:46:27.771Z 150ad06b-57fe-4a4a-a6f7-65b82fd0636b info: BlobSharedKeyAuthenticator:validate() Calculated authentication header based on key1: SharedKey devstoreaccount1:YK24iEousRsYZ4PO5y4cFEJhS1lR2V3MfHjllYib8Lk=
2026-04-12T14:46:27.771Z 150ad06b-57fe-4a4a-a6f7-65b82fd0636b info: BlobSharedKeyAuthenticator:validate() Signature 1 matched.
2026-04-12T14:46:27.771Z 150ad06b-57fe-4a4a-a6f7-65b82fd0636b verbose: DeserializerMiddleware: Start deserializing...
2026-04-12T14:46:27.773Z 150ad06b-57fe-4a4a-a6f7-65b82fd0636b info: HandlerMiddleware: DeserializedParameters={"options":{"requestId":"cc4575d4-d24d-461a-a36a-e53a1327772e","leaseAccessConditions":{},"cpkInfo":{},"modifiedAccessConditions":{}},"version":"2024-11-04"}
2026-04-12T14:46:27.774Z 150ad06b-57fe-4a4a-a6f7-65b82fd0636b error: ErrorMiddleware: Received a MiddlewareError, fill error information to HTTP response
2026-04-12T14:46:27.774Z 150ad06b-57fe-4a4a-a6f7-65b82fd0636b error: ErrorMiddleware: ErrorName=StorageError ErrorMessage=The specified blob does not exist.  ErrorHTTPStatusCode=404 ErrorHTTPStatusMessage=The specified blob does not exist. ErrorHTTPHeaders={"x-ms-error-code":"BlobNotFound","x-ms-request-id":"150ad06b-57fe-4a4a-a6f7-65b82fd0636b"} ErrorHTTPBody="<?xml version=\"1.0\" encoding=\"UTF-8\" standalone=\"yes\"?>\n<Error>\n  <Code>BlobNotFound</Code>\n  <Message>The specified blob does not exist.\nRequestId:150ad06b-57fe-4a4a-a6f7-65b82fd0636b\nTime:2026-04-12T14:46:27.773Z</Message>\n</Error>" ErrorStack="StorageError: The specified blob does not exist.\n    at StorageErrorFactory.getBlobNotFound (/home/konsta/.nvm/versions/node/v22.14.0/lib/node_modules/azurite/dist/src/blob/errors/StorageErrorFactory.js:29:16)\n    at LokiBlobMetadataStore.downloadBlob (/home/konsta/.nvm/versions/node/v22.14.0/lib/node_modules/azurite/dist/src/blob/persistence/LokiBlobMetadataStore.js:819:49)\n    at process.processTicksAndRejections (node:internal/process/task_queues:105:5)\n    at async BlobHandler.download (/home/konsta/.nvm/versions/node/v22.14.0/lib/node_modules/azurite/dist/src/blob/handlers/BlobHandler.js:43:22)"
2026-04-12T14:46:27.774Z 150ad06b-57fe-4a4a-a6f7-65b82fd0636b error: ErrorMiddleware: Set HTTP code: 404
2026-04-12T14:46:27.774Z 150ad06b-57fe-4a4a-a6f7-65b82fd0636b error: ErrorMiddleware: Set HTTP status message: The specified blob does not exist.
2026-04-12T14:46:27.774Z 150ad06b-57fe-4a4a-a6f7-65b82fd0636b error: ErrorMiddleware: Set HTTP Header: x-ms-error-code=BlobNotFound
2026-04-12T14:46:27.774Z 150ad06b-57fe-4a4a-a6f7-65b82fd0636b error: ErrorMiddleware: Set HTTP Header: x-ms-request-id=150ad06b-57fe-4a4a-a6f7-65b82fd0636b
2026-04-12T14:46:27.774Z 150ad06b-57fe-4a4a-a6f7-65b82fd0636b error: ErrorMiddleware: Set content type: application/xml
2026-04-12T14:46:27.774Z 150ad06b-57fe-4a4a-a6f7-65b82fd0636b error: ErrorMiddleware: Set HTTP body: "<?xml version=\"1.0\" encoding=\"UTF-8\" standalone=\"yes\"?>\n<Error>\n  <Code>BlobNotFound</Code>\n  <Message>The specified blob does not exist.\nRequestId:150ad06b-57fe-4a4a-a6f7-65b82fd0636b\nTime:2026-04-12T14:46:27.773Z</Message>\n</Error>"
2026-04-12T14:46:27.774Z 150ad06b-57fe-4a4a-a6f7-65b82fd0636b verbose: Send Blob telemetry: B_Blob_Download
2026-04-12T14:46:27.776Z 150ad06b-57fe-4a4a-a6f7-65b82fd0636b info: EndMiddleware: End response. TotalTimeInMS=6 StatusCode=404 StatusMessage=The specified blob does not exist. Headers={"server":"Azurite-Blob/3.35.0","x-ms-error-code":"BlobNotFound","x-ms-request-id":"150ad06b-57fe-4a4a-a6f7-65b82fd0636b","content-type":"application/xml"}
2026-04-12T14:46:27.798Z 70052729-17dc-4132-985b-dc5f5c133a3a info: BlobStorageContextMiddleware: RequestMethod=PUT RequestURL=http://127.0.0.1/devstoreaccount1/azure-webjobs-hosts?restype=container RequestHeaders:{"host":"127.0.0.1:10000","x-ms-version":"2024-11-04","accept":"application/xml","x-ms-client-request-id":"86c95e00-0864-4f82-a8ed-f6bcfb47ee8d","x-ms-return-client-request-id":"true","user-agent":"azsdk-net-Storage.Blobs/12.22.1 (.NET 8.0.25; Ubuntu 24.04.4 LTS)","x-ms-date":"Sun, 12 Apr 2026 14:46:27 GMT","authorization":"SharedKey devstoreaccount1:3aniKn4D8VzXlDGKA/z38u74MLpazqdv0UZIXTTDCVw=","content-length":"0"} ClientIP=127.0.0.1 Protocol=http HTTPVersion=1.1
2026-04-12T14:46:27.798Z 70052729-17dc-4132-985b-dc5f5c133a3a info: BlobStorageContextMiddleware: Account=devstoreaccount1 Container=azure-webjobs-hosts Blob=
2026-04-12T14:46:27.798Z 70052729-17dc-4132-985b-dc5f5c133a3a verbose: DispatchMiddleware: Dispatching request...
2026-04-12T14:46:27.799Z 70052729-17dc-4132-985b-dc5f5c133a3a info: DispatchMiddleware: Operation=Container_Create
2026-04-12T14:46:27.799Z 70052729-17dc-4132-985b-dc5f5c133a3a verbose: AuthenticationMiddlewareFactory:createAuthenticationMiddleware() Validating authentications.
2026-04-12T14:46:27.799Z 70052729-17dc-4132-985b-dc5f5c133a3a info: PublicAccessAuthenticator:validate() Start validation against public access.
2026-04-12T14:46:27.799Z 70052729-17dc-4132-985b-dc5f5c133a3a debug: PublicAccessAuthenticator:validate() Getting account properties...
2026-04-12T14:46:27.799Z 70052729-17dc-4132-985b-dc5f5c133a3a debug: PublicAccessAuthenticator:validate() Retrieved account name from context: devstoreaccount1, container: azure-webjobs-hosts, blob: 
2026-04-12T14:46:27.799Z 70052729-17dc-4132-985b-dc5f5c133a3a debug: PublicAccessAuthenticator:validate() Skip public access authentication. Cannot get public access type for container azure-webjobs-hosts
2026-04-12T14:46:27.800Z 70052729-17dc-4132-985b-dc5f5c133a3a info: BlobSharedKeyAuthenticator:validate() Start validation against account shared key authentication.
2026-04-12T14:46:27.800Z 70052729-17dc-4132-985b-dc5f5c133a3a info: BlobSharedKeyAuthenticator:validate() [STRING TO SIGN]:"PUT\n\n\n\n\n\n\n\n\n\n\n\nx-ms-client-request-id:86c95e00-0864-4f82-a8ed-f6bcfb47ee8d\nx-ms-date:Sun, 12 Apr 2026 14:46:27 GMT\nx-ms-return-client-request-id:true\nx-ms-version:2024-11-04\n/devstoreaccount1/devstoreaccount1/azure-webjobs-hosts\nrestype:container"
2026-04-12T14:46:27.800Z 70052729-17dc-4132-985b-dc5f5c133a3a info: BlobSharedKeyAuthenticator:validate() Calculated authentication header based on key1: SharedKey devstoreaccount1:3aniKn4D8VzXlDGKA/z38u74MLpazqdv0UZIXTTDCVw=
2026-04-12T14:46:27.800Z 70052729-17dc-4132-985b-dc5f5c133a3a info: BlobSharedKeyAuthenticator:validate() Signature 1 matched.
2026-04-12T14:46:27.800Z 70052729-17dc-4132-985b-dc5f5c133a3a verbose: DeserializerMiddleware: Start deserializing...
2026-04-12T14:46:27.800Z 70052729-17dc-4132-985b-dc5f5c133a3a info: HandlerMiddleware: DeserializedParameters={"options":{"metadata":{},"requestId":"86c95e00-0864-4f82-a8ed-f6bcfb47ee8d","containerCpkScopeInfo":{}},"restype":"container","version":"2024-11-04"}
2026-04-12T14:46:27.801Z 70052729-17dc-4132-985b-dc5f5c133a3a error: ErrorMiddleware: Received a MiddlewareError, fill error information to HTTP response
2026-04-12T14:46:27.801Z 70052729-17dc-4132-985b-dc5f5c133a3a error: ErrorMiddleware: ErrorName=StorageError ErrorMessage=The specified container already exists.  ErrorHTTPStatusCode=409 ErrorHTTPStatusMessage=The specified container already exists. ErrorHTTPHeaders={"x-ms-error-code":"ContainerAlreadyExists","x-ms-request-id":"70052729-17dc-4132-985b-dc5f5c133a3a"} ErrorHTTPBody="<?xml version=\"1.0\" encoding=\"UTF-8\" standalone=\"yes\"?>\n<Error>\n  <Code>ContainerAlreadyExists</Code>\n  <Message>The specified container already exists.\nRequestId:70052729-17dc-4132-985b-dc5f5c133a3a\nTime:2026-04-12T14:46:27.800Z</Message>\n</Error>" ErrorStack="StorageError: The specified container already exists.\n    at StorageErrorFactory.getContainerAlreadyExists (/home/konsta/.nvm/versions/node/v22.14.0/lib/node_modules/azurite/dist/src/blob/errors/StorageErrorFactory.js:23:16)\n    at LokiBlobMetadataStore.createContainer (/home/konsta/.nvm/versions/node/v22.14.0/lib/node_modules/azurite/dist/src/blob/persistence/LokiBlobMetadataStore.js:299:49)\n    at ContainerHandler.create (/home/konsta/.nvm/versions/node/v22.14.0/lib/node_modules/azurite/dist/src/blob/handlers/ContainerHandler.js:44:34)\n    at /home/konsta/.nvm/versions/node/v22.14.0/lib/node_modules/azurite/dist/src/blob/generated/middleware/HandlerMiddlewareFactory.js:58:18\n    at /home/konsta/.nvm/versions/node/v22.14.0/lib/node_modules/azurite/dist/src/blob/generated/ExpressMiddlewareFactory.js:78:63\n    at Layer.handle [as handle_request] (/home/konsta/.nvm/versions/node/v22.14.0/lib/node_modules/azurite/node_modules/express/lib/router/layer.js:95:5)\n    at trim_prefix (/home/konsta/.nvm/versions/node/v22.14.0/lib/node_modules/azurite/node_modules/express/lib/router/index.js:328:13)\n    at /home/konsta/.nvm/versions/node/v22.14.0/lib/node_modules/azurite/node_modules/express/lib/router/index.js:286:9\n    at Function.process_params (/home/konsta/.nvm/versions/node/v22.14.0/lib/node_modules/azurite/node_modules/express/lib/router/index.js:346:12)\n    at next (/home/konsta/.nvm/versions/node/v22.14.0/lib/node_modules/azurite/node_modules/express/lib/router/index.js:280:10)"
2026-04-12T14:46:27.801Z 70052729-17dc-4132-985b-dc5f5c133a3a error: ErrorMiddleware: Set HTTP code: 409
2026-04-12T14:46:27.801Z 70052729-17dc-4132-985b-dc5f5c133a3a error: ErrorMiddleware: Set HTTP status message: The specified container already exists.
2026-04-12T14:46:27.801Z 70052729-17dc-4132-985b-dc5f5c133a3a error: ErrorMiddleware: Set HTTP Header: x-ms-error-code=ContainerAlreadyExists
2026-04-12T14:46:27.801Z 70052729-17dc-4132-985b-dc5f5c133a3a error: ErrorMiddleware: Set HTTP Header: x-ms-request-id=70052729-17dc-4132-985b-dc5f5c133a3a
2026-04-12T14:46:27.801Z 70052729-17dc-4132-985b-dc5f5c133a3a error: ErrorMiddleware: Set content type: application/xml
2026-04-12T14:46:27.801Z 70052729-17dc-4132-985b-dc5f5c133a3a error: ErrorMiddleware: Set HTTP body: "<?xml version=\"1.0\" encoding=\"UTF-8\" standalone=\"yes\"?>\n<Error>\n  <Code>ContainerAlreadyExists</Code>\n  <Message>The specified container already exists.\nRequestId:70052729-17dc-4132-985b-dc5f5c133a3a\nTime:2026-04-12T14:46:27.800Z</Message>\n</Error>"
2026-04-12T14:46:27.801Z 70052729-17dc-4132-985b-dc5f5c133a3a verbose: Send Blob telemetry: B_Container_Create
2026-04-12T14:46:27.802Z 70052729-17dc-4132-985b-dc5f5c133a3a info: EndMiddleware: End response. TotalTimeInMS=4 StatusCode=409 StatusMessage=The specified container already exists. Headers={"server":"Azurite-Blob/3.35.0","x-ms-error-code":"ContainerAlreadyExists","x-ms-request-id":"70052729-17dc-4132-985b-dc5f5c133a3a","content-type":"application/xml"}
2026-04-12T14:46:27.805Z 08a15817-2dc5-4129-8723-76c9579e4dfe info: BlobStorageContextMiddleware: RequestMethod=PUT RequestURL=http://127.0.0.1/devstoreaccount1/azure-webjobs-hosts/timers/ubuntudev-1527945004/Host.Functions.timerTriggerGetFuelPricesToDb/status RequestHeaders:{"host":"127.0.0.1:10000","x-ms-blob-type":"BlockBlob","x-ms-version":"2024-11-04","accept":"application/xml","x-ms-client-request-id":"cb994012-938f-4d1f-955b-9738e4de617a","x-ms-return-client-request-id":"true","user-agent":"azsdk-net-Storage.Blobs/12.22.1 (.NET 8.0.25; Ubuntu 24.04.4 LTS)","x-ms-date":"Sun, 12 Apr 2026 14:46:27 GMT","authorization":"SharedKey devstoreaccount1:vtt0vLASm+r3EqIelUpLVR6X5eGMzrgGWdqhEpIF8Z4=","content-length":"120","content-type":"application/octet-stream"} ClientIP=127.0.0.1 Protocol=http HTTPVersion=1.1
2026-04-12T14:46:27.805Z 08a15817-2dc5-4129-8723-76c9579e4dfe info: BlobStorageContextMiddleware: Account=devstoreaccount1 Container=azure-webjobs-hosts Blob=timers/ubuntudev-1527945004/Host.Functions.timerTriggerGetFuelPricesToDb/status
2026-04-12T14:46:27.805Z 08a15817-2dc5-4129-8723-76c9579e4dfe verbose: DispatchMiddleware: Dispatching request...
2026-04-12T14:46:27.806Z 08a15817-2dc5-4129-8723-76c9579e4dfe info: DispatchMiddleware: Operation=BlockBlob_Upload
2026-04-12T14:46:27.806Z 08a15817-2dc5-4129-8723-76c9579e4dfe verbose: AuthenticationMiddlewareFactory:createAuthenticationMiddleware() Validating authentications.
2026-04-12T14:46:27.806Z 08a15817-2dc5-4129-8723-76c9579e4dfe info: PublicAccessAuthenticator:validate() Start validation against public access.
2026-04-12T14:46:27.806Z 08a15817-2dc5-4129-8723-76c9579e4dfe debug: PublicAccessAuthenticator:validate() Getting account properties...
2026-04-12T14:46:27.806Z 08a15817-2dc5-4129-8723-76c9579e4dfe debug: PublicAccessAuthenticator:validate() Retrieved account name from context: devstoreaccount1, container: azure-webjobs-hosts, blob: timers/ubuntudev-1527945004/Host.Functions.timerTriggerGetFuelPricesToDb/status
2026-04-12T14:46:27.807Z 08a15817-2dc5-4129-8723-76c9579e4dfe debug: PublicAccessAuthenticator:validate() Skip public access authentication. Cannot get public access type for container azure-webjobs-hosts
2026-04-12T14:46:27.807Z 08a15817-2dc5-4129-8723-76c9579e4dfe info: BlobSharedKeyAuthenticator:validate() Start validation against account shared key authentication.
2026-04-12T14:46:27.807Z 08a15817-2dc5-4129-8723-76c9579e4dfe info: BlobSharedKeyAuthenticator:validate() [STRING TO SIGN]:"PUT\n\n\n120\n\napplication/octet-stream\n\n\n\n\n\n\nx-ms-blob-type:BlockBlob\nx-ms-client-request-id:cb994012-938f-4d1f-955b-9738e4de617a\nx-ms-date:Sun, 12 Apr 2026 14:46:27 GMT\nx-ms-return-client-request-id:true\nx-ms-version:2024-11-04\n/devstoreaccount1/devstoreaccount1/azure-webjobs-hosts/timers/ubuntudev-1527945004/Host.Functions.timerTriggerGetFuelPricesToDb/status"
2026-04-12T14:46:27.807Z 08a15817-2dc5-4129-8723-76c9579e4dfe info: BlobSharedKeyAuthenticator:validate() Calculated authentication header based on key1: SharedKey devstoreaccount1:vtt0vLASm+r3EqIelUpLVR6X5eGMzrgGWdqhEpIF8Z4=
2026-04-12T14:46:27.807Z 08a15817-2dc5-4129-8723-76c9579e4dfe info: BlobSharedKeyAuthenticator:validate() Signature 1 matched.
2026-04-12T14:46:27.807Z 08a15817-2dc5-4129-8723-76c9579e4dfe verbose: DeserializerMiddleware: Start deserializing...
2026-04-12T14:46:27.807Z 08a15817-2dc5-4129-8723-76c9579e4dfe info: HandlerMiddleware: DeserializedParameters={"options":{"metadata":{},"requestId":"cb994012-938f-4d1f-955b-9738e4de617a","blobHTTPHeaders":{},"leaseAccessConditions":{},"cpkInfo":{},"cpkScopeInfo":{},"modifiedAccessConditions":{}},"contentLength":120,"version":"2024-11-04","blobType":"BlockBlob","body":"ReadableStream"}
2026-04-12T14:46:27.807Z 08a15817-2dc5-4129-8723-76c9579e4dfe debug: OperationQueue.operate() Schedule incoming job 67e25931-ba8a-498f-b4ff-dfbdec8bc862
2026-04-12T14:46:27.807Z 08a15817-2dc5-4129-8723-76c9579e4dfe debug: OperationQueue:execute() Current runningConcurrency:0 maxConcurrency:50 operations.length:1
2026-04-12T14:46:27.807Z 08a15817-2dc5-4129-8723-76c9579e4dfe info: FSExtentStore:appendExtent() Select extent from idle location for extent append operation. LocationId:1 extentId:4c1a48af-2614-4a52-8d74-4b551cc021e7 offset:0 MAX_EXTENT_SIZE:67108864 
2026-04-12T14:46:27.807Z 08a15817-2dc5-4129-8723-76c9579e4dfe debug: FSExtentStore:appendExtent() Get fd:30 for extent:4c1a48af-2614-4a52-8d74-4b551cc021e7 from cache.
2026-04-12T14:46:27.808Z 08a15817-2dc5-4129-8723-76c9579e4dfe debug: FSExtentStore:appendExtent() Created write stream for fd:30
2026-04-12T14:46:27.808Z 08a15817-2dc5-4129-8723-76c9579e4dfe debug: FSExtentStore:appendExtent() Start writing to extent 4c1a48af-2614-4a52-8d74-4b551cc021e7
2026-04-12T14:46:27.808Z 08a15817-2dc5-4129-8723-76c9579e4dfe debug: FSExtentStore:streamPipe() Start piping data to write stream
2026-04-12T14:46:27.808Z 08a15817-2dc5-4129-8723-76c9579e4dfe debug: FSExtentStore:streamPipe() Readable stream triggers close event, 120 bytes piped
2026-04-12T14:46:27.808Z 08a15817-2dc5-4129-8723-76c9579e4dfe debug: FSExtentStore:streamPipe() Invoke write stream end()
2026-04-12T14:46:27.808Z 08a15817-2dc5-4129-8723-76c9579e4dfe debug: FSExtentStore:streamPipe() Readable stream triggers close event, 120 bytes piped
2026-04-12T14:46:27.808Z 08a15817-2dc5-4129-8723-76c9579e4dfe debug: FSExtentStore:streamPipe() Writable stream triggers finish event, after 120 bytes piped. Flush data to fd:30.
2026-04-12T14:46:27.813Z 08a15817-2dc5-4129-8723-76c9579e4dfe debug: FSExtentStore:streamPipe() Flush data to fd:30 successfully. Resolve streamPipe().
2026-04-12T14:46:27.814Z 08a15817-2dc5-4129-8723-76c9579e4dfe debug: FSExtentStore:appendExtent() Write finish, start updating extent metadata. extent:{"id":"4c1a48af-2614-4a52-8d74-4b551cc021e7","locationId":"Default","path":"4c1a48af-2614-4a52-8d74-4b551cc021e7","size":120,"lastModifiedInMS":1776005187814}
2026-04-12T14:46:27.814Z 08a15817-2dc5-4129-8723-76c9579e4dfe debug: FSExtentStore:appendExtent() Update extent metadata done. Resolve()
2026-04-12T14:46:27.814Z 08a15817-2dc5-4129-8723-76c9579e4dfe debug: OperationQueue.operate() Job 67e25931-ba8a-498f-b4ff-dfbdec8bc862 completes callback, resolve.
2026-04-12T14:46:27.814Z 08a15817-2dc5-4129-8723-76c9579e4dfe debug: OperationQueue.operate() Schedule incoming job 384eadb0-7da9-4e6c-a2d2-ba94104060a8
2026-04-12T14:46:27.814Z 08a15817-2dc5-4129-8723-76c9579e4dfe debug: OperationQueue:execute() Current runningConcurrency:0 maxConcurrency:100 operations.length:1
2026-04-12T14:46:27.814Z 08a15817-2dc5-4129-8723-76c9579e4dfe verbose: FSExtentStore:readExtent() Creating read stream. LocationId:Default extentId:4c1a48af-2614-4a52-8d74-4b551cc021e7 path:/home/konsta/projects/azure-personal/.azurite/__blobstorage__/4c1a48af-2614-4a52-8d74-4b551cc021e7 offset:0 count:120 end:119
2026-04-12T14:46:27.814Z 08a15817-2dc5-4129-8723-76c9579e4dfe debug: OperationQueue.operate() Job 384eadb0-7da9-4e6c-a2d2-ba94104060a8 completes callback, resolve.
2026-04-12T14:46:27.815Z 08a15817-2dc5-4129-8723-76c9579e4dfe debug: OperationQueue:execute() Current runningConcurrency:0 maxConcurrency:50 operations.length:0
2026-04-12T14:46:27.815Z 08a15817-2dc5-4129-8723-76c9579e4dfe debug: OperationQueue:execute() return. Operation.length === 0
2026-04-12T14:46:27.815Z 08a15817-2dc5-4129-8723-76c9579e4dfe debug: OperationQueue:execute() Current runningConcurrency:0 maxConcurrency:100 operations.length:0
2026-04-12T14:46:27.815Z 08a15817-2dc5-4129-8723-76c9579e4dfe debug: OperationQueue:execute() return. Operation.length === 0
2026-04-12T14:46:27.816Z 08a15817-2dc5-4129-8723-76c9579e4dfe verbose: SerializerMiddleware: Start serializing...
2026-04-12T14:46:27.816Z 08a15817-2dc5-4129-8723-76c9579e4dfe verbose: Send Blob telemetry: B_BlockBlob_Upload
2026-04-12T14:46:27.816Z 08a15817-2dc5-4129-8723-76c9579e4dfe info: EndMiddleware: End response. TotalTimeInMS=11 StatusCode=201 StatusMessage=undefined Headers={"server":"Azurite-Blob/3.35.0","etag":"\"0x217CA09ED7891C0\"","last-modified":"Sun, 12 Apr 2026 14:46:27 GMT","content-md5":"x6hadPyO1ds28RBcnxe+/g==","x-ms-client-request-id":"cb994012-938f-4d1f-955b-9738e4de617a","x-ms-request-id":"08a15817-2dc5-4129-8723-76c9579e4dfe","x-ms-version":"2025-11-05","date":"Sun, 12 Apr 2026 14:46:27 GMT","x-ms-request-server-encrypted":"true"}
2026-04-12T14:46:27.817Z 08a15817-2dc5-4129-8723-76c9579e4dfe verbose: FSExtentStore:readExtent() Read stream closed. LocationId:Default extentId:4c1a48af-2614-4a52-8d74-4b551cc021e7 path:/home/konsta/projects/azure-personal/.azurite/__blobstorage__/4c1a48af-2614-4a52-8d74-4b551cc021e7 offset:0 count:120 end:119
2026-04-12T14:46:32.364Z 79bb0f8e-5eb3-49eb-b7c4-6f3769500363 info: BlobStorageContextMiddleware: RequestMethod=HEAD RequestURL=http://127.0.0.1/devstoreaccount1/azure-webjobs-hosts/locks/ubuntudev-1527945004/host RequestHeaders:{"host":"127.0.0.1:10000","x-ms-version":"2024-11-04","accept":"application/xml","x-ms-client-request-id":"c5f60665-cc58-4b13-a7e2-1b5ded3a7f0d","x-ms-return-client-request-id":"true","user-agent":"azsdk-net-Storage.Blobs/12.22.1 (.NET 8.0.25; Ubuntu 24.04.4 LTS)","x-ms-date":"Sun, 12 Apr 2026 14:46:32 GMT","authorization":"SharedKey devstoreaccount1:7vEgkKkk6a8DfXoFpdjDLauxqu9H9iR2Bx62AF4jhKM="} ClientIP=127.0.0.1 Protocol=http HTTPVersion=1.1
2026-04-12T14:46:32.365Z 79bb0f8e-5eb3-49eb-b7c4-6f3769500363 info: BlobStorageContextMiddleware: Account=devstoreaccount1 Container=azure-webjobs-hosts Blob=locks/ubuntudev-1527945004/host
2026-04-12T14:46:32.365Z 79bb0f8e-5eb3-49eb-b7c4-6f3769500363 verbose: DispatchMiddleware: Dispatching request...
2026-04-12T14:46:32.365Z 79bb0f8e-5eb3-49eb-b7c4-6f3769500363 info: DispatchMiddleware: Operation=Blob_GetProperties
2026-04-12T14:46:32.365Z 79bb0f8e-5eb3-49eb-b7c4-6f3769500363 verbose: AuthenticationMiddlewareFactory:createAuthenticationMiddleware() Validating authentications.
2026-04-12T14:46:32.366Z 79bb0f8e-5eb3-49eb-b7c4-6f3769500363 info: PublicAccessAuthenticator:validate() Start validation against public access.
2026-04-12T14:46:32.366Z 79bb0f8e-5eb3-49eb-b7c4-6f3769500363 debug: PublicAccessAuthenticator:validate() Getting account properties...
2026-04-12T14:46:32.366Z 79bb0f8e-5eb3-49eb-b7c4-6f3769500363 debug: PublicAccessAuthenticator:validate() Retrieved account name from context: devstoreaccount1, container: azure-webjobs-hosts, blob: locks/ubuntudev-1527945004/host
2026-04-12T14:46:32.366Z 79bb0f8e-5eb3-49eb-b7c4-6f3769500363 debug: PublicAccessAuthenticator:validate() Skip public access authentication. Cannot get public access type for container azure-webjobs-hosts
2026-04-12T14:46:32.366Z 79bb0f8e-5eb3-49eb-b7c4-6f3769500363 info: BlobSharedKeyAuthenticator:validate() Start validation against account shared key authentication.
2026-04-12T14:46:32.366Z 79bb0f8e-5eb3-49eb-b7c4-6f3769500363 info: BlobSharedKeyAuthenticator:validate() [STRING TO SIGN]:"HEAD\n\n\n\n\n\n\n\n\n\n\n\nx-ms-client-request-id:c5f60665-cc58-4b13-a7e2-1b5ded3a7f0d\nx-ms-date:Sun, 12 Apr 2026 14:46:32 GMT\nx-ms-return-client-request-id:true\nx-ms-version:2024-11-04\n/devstoreaccount1/devstoreaccount1/azure-webjobs-hosts/locks/ubuntudev-1527945004/host"
2026-04-12T14:46:32.366Z 79bb0f8e-5eb3-49eb-b7c4-6f3769500363 info: BlobSharedKeyAuthenticator:validate() Calculated authentication header based on key1: SharedKey devstoreaccount1:7vEgkKkk6a8DfXoFpdjDLauxqu9H9iR2Bx62AF4jhKM=
2026-04-12T14:46:32.366Z 79bb0f8e-5eb3-49eb-b7c4-6f3769500363 info: BlobSharedKeyAuthenticator:validate() Signature 1 matched.
2026-04-12T14:46:32.366Z 79bb0f8e-5eb3-49eb-b7c4-6f3769500363 verbose: DeserializerMiddleware: Start deserializing...
2026-04-12T14:46:32.367Z 79bb0f8e-5eb3-49eb-b7c4-6f3769500363 info: HandlerMiddleware: DeserializedParameters={"options":{"requestId":"c5f60665-cc58-4b13-a7e2-1b5ded3a7f0d","leaseAccessConditions":{},"cpkInfo":{},"modifiedAccessConditions":{}},"version":"2024-11-04"}
2026-04-12T14:46:32.367Z 79bb0f8e-5eb3-49eb-b7c4-6f3769500363 error: ErrorMiddleware: Received a MiddlewareError, fill error information to HTTP response
2026-04-12T14:46:32.368Z 79bb0f8e-5eb3-49eb-b7c4-6f3769500363 error: ErrorMiddleware: ErrorName=StorageError ErrorMessage=The specified blob does not exist.  ErrorHTTPStatusCode=404 ErrorHTTPStatusMessage=The specified blob does not exist. ErrorHTTPHeaders={"x-ms-error-code":"BlobNotFound","x-ms-request-id":"79bb0f8e-5eb3-49eb-b7c4-6f3769500363"} ErrorHTTPBody="<?xml version=\"1.0\" encoding=\"UTF-8\" standalone=\"yes\"?>\n<Error>\n  <Code>BlobNotFound</Code>\n  <Message>The specified blob does not exist.\nRequestId:79bb0f8e-5eb3-49eb-b7c4-6f3769500363\nTime:2026-04-12T14:46:32.367Z</Message>\n</Error>" ErrorStack="StorageError: The specified blob does not exist.\n    at StorageErrorFactory.getBlobNotFound (/home/konsta/.nvm/versions/node/v22.14.0/lib/node_modules/azurite/dist/src/blob/errors/StorageErrorFactory.js:29:16)\n    at LokiBlobMetadataStore.getBlobProperties (/home/konsta/.nvm/versions/node/v22.14.0/lib/node_modules/azurite/dist/src/blob/persistence/LokiBlobMetadataStore.js:870:49)\n    at process.processTicksAndRejections (node:internal/process/task_queues:105:5)\n    at async BlobHandler.getProperties (/home/konsta/.nvm/versions/node/v22.14.0/lib/node_modules/azurite/dist/src/blob/handlers/BlobHandler.js:73:21)"
2026-04-12T14:46:32.368Z 79bb0f8e-5eb3-49eb-b7c4-6f3769500363 error: ErrorMiddleware: Set HTTP code: 404
2026-04-12T14:46:32.368Z 79bb0f8e-5eb3-49eb-b7c4-6f3769500363 error: ErrorMiddleware: Set HTTP status message: The specified blob does not exist.
2026-04-12T14:46:32.368Z 79bb0f8e-5eb3-49eb-b7c4-6f3769500363 error: ErrorMiddleware: Set HTTP Header: x-ms-error-code=BlobNotFound
2026-04-12T14:46:32.368Z 79bb0f8e-5eb3-49eb-b7c4-6f3769500363 error: ErrorMiddleware: Set HTTP Header: x-ms-request-id=79bb0f8e-5eb3-49eb-b7c4-6f3769500363
2026-04-12T14:46:32.368Z 79bb0f8e-5eb3-49eb-b7c4-6f3769500363 error: ErrorMiddleware: Set HTTP body: "<?xml version=\"1.0\" encoding=\"UTF-8\" standalone=\"yes\"?>\n<Error>\n  <Code>BlobNotFound</Code>\n  <Message>The specified blob does not exist.\nRequestId:79bb0f8e-5eb3-49eb-b7c4-6f3769500363\nTime:2026-04-12T14:46:32.367Z</Message>\n</Error>"
2026-04-12T14:46:32.368Z 79bb0f8e-5eb3-49eb-b7c4-6f3769500363 verbose: Send Blob telemetry: B_Blob_GetProperties
2026-04-12T14:46:32.368Z 79bb0f8e-5eb3-49eb-b7c4-6f3769500363 info: EndMiddleware: End response. TotalTimeInMS=4 StatusCode=404 StatusMessage=The specified blob does not exist. Headers={"server":"Azurite-Blob/3.35.0","x-ms-error-code":"BlobNotFound","x-ms-request-id":"79bb0f8e-5eb3-49eb-b7c4-6f3769500363"}
2026-04-12T14:46:32.371Z 67dd9738-51a7-4442-b66d-d828e3393f28 info: BlobStorageContextMiddleware: RequestMethod=PUT RequestURL=http://127.0.0.1/devstoreaccount1/azure-webjobs-hosts/locks/ubuntudev-1527945004/host?comp=lease RequestHeaders:{"host":"127.0.0.1:10000","x-ms-lease-action":"acquire","x-ms-version":"2024-11-04","accept":"application/xml","x-ms-lease-duration":"15","x-ms-proposed-lease-id":"000000000000000000000000699A9597","x-ms-client-request-id":"85071aa7-f507-4750-b67f-670810fb2815","x-ms-return-client-request-id":"true","user-agent":"azsdk-net-Storage.Blobs/12.22.1 (.NET 8.0.25; Ubuntu 24.04.4 LTS)","x-ms-date":"Sun, 12 Apr 2026 14:46:32 GMT","authorization":"SharedKey devstoreaccount1:H/V1fJ8RytHlYlG5eIV9aSGDYY5SOB2wyqMo9ly9ujA=","content-length":"0"} ClientIP=127.0.0.1 Protocol=http HTTPVersion=1.1
2026-04-12T14:46:32.371Z 67dd9738-51a7-4442-b66d-d828e3393f28 info: BlobStorageContextMiddleware: Account=devstoreaccount1 Container=azure-webjobs-hosts Blob=locks/ubuntudev-1527945004/host
2026-04-12T14:46:32.371Z 67dd9738-51a7-4442-b66d-d828e3393f28 verbose: DispatchMiddleware: Dispatching request...
2026-04-12T14:46:32.372Z 67dd9738-51a7-4442-b66d-d828e3393f28 info: DispatchMiddleware: Operation=Blob_AcquireLease
2026-04-12T14:46:32.372Z 67dd9738-51a7-4442-b66d-d828e3393f28 verbose: AuthenticationMiddlewareFactory:createAuthenticationMiddleware() Validating authentications.
2026-04-12T14:46:32.372Z 67dd9738-51a7-4442-b66d-d828e3393f28 info: PublicAccessAuthenticator:validate() Start validation against public access.
2026-04-12T14:46:32.372Z 67dd9738-51a7-4442-b66d-d828e3393f28 debug: PublicAccessAuthenticator:validate() Getting account properties...
2026-04-12T14:46:32.372Z 67dd9738-51a7-4442-b66d-d828e3393f28 debug: PublicAccessAuthenticator:validate() Retrieved account name from context: devstoreaccount1, container: azure-webjobs-hosts, blob: locks/ubuntudev-1527945004/host
2026-04-12T14:46:32.373Z 67dd9738-51a7-4442-b66d-d828e3393f28 debug: PublicAccessAuthenticator:validate() Skip public access authentication. Cannot get public access type for container azure-webjobs-hosts
2026-04-12T14:46:32.373Z 67dd9738-51a7-4442-b66d-d828e3393f28 info: BlobSharedKeyAuthenticator:validate() Start validation against account shared key authentication.
2026-04-12T14:46:32.373Z 67dd9738-51a7-4442-b66d-d828e3393f28 info: BlobSharedKeyAuthenticator:validate() [STRING TO SIGN]:"PUT\n\n\n\n\n\n\n\n\n\n\n\nx-ms-client-request-id:85071aa7-f507-4750-b67f-670810fb2815\nx-ms-date:Sun, 12 Apr 2026 14:46:32 GMT\nx-ms-lease-action:acquire\nx-ms-lease-duration:15\nx-ms-proposed-lease-id:000000000000000000000000699A9597\nx-ms-return-client-request-id:true\nx-ms-version:2024-11-04\n/devstoreaccount1/devstoreaccount1/azure-webjobs-hosts/locks/ubuntudev-1527945004/host\ncomp:lease"
2026-04-12T14:46:32.373Z 67dd9738-51a7-4442-b66d-d828e3393f28 info: BlobSharedKeyAuthenticator:validate() Calculated authentication header based on key1: SharedKey devstoreaccount1:H/V1fJ8RytHlYlG5eIV9aSGDYY5SOB2wyqMo9ly9ujA=
2026-04-12T14:46:32.373Z 67dd9738-51a7-4442-b66d-d828e3393f28 info: BlobSharedKeyAuthenticator:validate() Signature 1 matched.
2026-04-12T14:46:32.373Z 67dd9738-51a7-4442-b66d-d828e3393f28 verbose: DeserializerMiddleware: Start deserializing...
2026-04-12T14:46:32.373Z 67dd9738-51a7-4442-b66d-d828e3393f28 info: HandlerMiddleware: DeserializedParameters={"options":{"duration":15,"proposedLeaseId":"000000000000000000000000699A9597","requestId":"85071aa7-f507-4750-b67f-670810fb2815","modifiedAccessConditions":{}},"comp":"lease","version":"2024-11-04","action":"acquire"}
2026-04-12T14:46:32.374Z 67dd9738-51a7-4442-b66d-d828e3393f28 error: ErrorMiddleware: Received a MiddlewareError, fill error information to HTTP response
2026-04-12T14:46:32.374Z 67dd9738-51a7-4442-b66d-d828e3393f28 error: ErrorMiddleware: ErrorName=StorageError ErrorMessage=The specified blob does not exist.  ErrorHTTPStatusCode=404 ErrorHTTPStatusMessage=The specified blob does not exist. ErrorHTTPHeaders={"x-ms-error-code":"BlobNotFound","x-ms-request-id":"67dd9738-51a7-4442-b66d-d828e3393f28"} ErrorHTTPBody="<?xml version=\"1.0\" encoding=\"UTF-8\" standalone=\"yes\"?>\n<Error>\n  <Code>BlobNotFound</Code>\n  <Message>The specified blob does not exist.\nRequestId:67dd9738-51a7-4442-b66d-d828e3393f28\nTime:2026-04-12T14:46:32.373Z</Message>\n</Error>" ErrorStack="StorageError: The specified blob does not exist.\n    at StorageErrorFactory.getBlobNotFound (/home/konsta/.nvm/versions/node/v22.14.0/lib/node_modules/azurite/dist/src/blob/errors/StorageErrorFactory.js:29:16)\n    at LokiBlobMetadataStore.acquireBlobLease (/home/konsta/.nvm/versions/node/v22.14.0/lib/node_modules/azurite/dist/src/blob/persistence/LokiBlobMetadataStore.js:1048:49)\n    at process.processTicksAndRejections (node:internal/process/task_queues:105:5)\n    at async BlobHandler.acquireLease (/home/konsta/.nvm/versions/node/v22.14.0/lib/node_modules/azurite/dist/src/blob/handlers/BlobHandler.js:242:21)"
2026-04-12T14:46:32.374Z 67dd9738-51a7-4442-b66d-d828e3393f28 error: ErrorMiddleware: Set HTTP code: 404
2026-04-12T14:46:32.374Z 67dd9738-51a7-4442-b66d-d828e3393f28 error: ErrorMiddleware: Set HTTP status message: The specified blob does not exist.
2026-04-12T14:46:32.374Z 67dd9738-51a7-4442-b66d-d828e3393f28 error: ErrorMiddleware: Set HTTP Header: x-ms-error-code=BlobNotFound
2026-04-12T14:46:32.374Z 67dd9738-51a7-4442-b66d-d828e3393f28 error: ErrorMiddleware: Set HTTP Header: x-ms-request-id=67dd9738-51a7-4442-b66d-d828e3393f28
2026-04-12T14:46:32.374Z 67dd9738-51a7-4442-b66d-d828e3393f28 error: ErrorMiddleware: Set content type: application/xml
2026-04-12T14:46:32.374Z 67dd9738-51a7-4442-b66d-d828e3393f28 error: ErrorMiddleware: Set HTTP body: "<?xml version=\"1.0\" encoding=\"UTF-8\" standalone=\"yes\"?>\n<Error>\n  <Code>BlobNotFound</Code>\n  <Message>The specified blob does not exist.\nRequestId:67dd9738-51a7-4442-b66d-d828e3393f28\nTime:2026-04-12T14:46:32.373Z</Message>\n</Error>"
2026-04-12T14:46:32.374Z 67dd9738-51a7-4442-b66d-d828e3393f28 verbose: Send Blob telemetry: B_Blob_AcquireLease
2026-04-12T14:46:32.374Z 67dd9738-51a7-4442-b66d-d828e3393f28 info: EndMiddleware: End response. TotalTimeInMS=3 StatusCode=404 StatusMessage=The specified blob does not exist. Headers={"server":"Azurite-Blob/3.35.0","x-ms-error-code":"BlobNotFound","x-ms-request-id":"67dd9738-51a7-4442-b66d-d828e3393f28","content-type":"application/xml"}
2026-04-12T14:46:32.376Z 73ce336b-da45-466d-a83e-59061b9c8cc6 info: BlobStorageContextMiddleware: RequestMethod=PUT RequestURL=http://127.0.0.1/devstoreaccount1/azure-webjobs-hosts/locks/ubuntudev-1527945004/host RequestHeaders:{"host":"127.0.0.1:10000","x-ms-blob-type":"BlockBlob","if-none-match":"*","x-ms-version":"2024-11-04","accept":"application/xml","x-ms-client-request-id":"f549d56f-215b-4180-8a71-a11462e5a510","x-ms-return-client-request-id":"true","user-agent":"azsdk-net-Storage.Blobs/12.22.1 (.NET 8.0.25; Ubuntu 24.04.4 LTS)","x-ms-date":"Sun, 12 Apr 2026 14:46:32 GMT","authorization":"SharedKey devstoreaccount1:bnaVbKEuR2MsyMgipaGI0yLYkgUYGM06uHoGevOk9Z0=","content-length":"0","content-type":"application/octet-stream"} ClientIP=127.0.0.1 Protocol=http HTTPVersion=1.1
2026-04-12T14:46:32.376Z 73ce336b-da45-466d-a83e-59061b9c8cc6 info: BlobStorageContextMiddleware: Account=devstoreaccount1 Container=azure-webjobs-hosts Blob=locks/ubuntudev-1527945004/host
2026-04-12T14:46:32.376Z 73ce336b-da45-466d-a83e-59061b9c8cc6 verbose: DispatchMiddleware: Dispatching request...
2026-04-12T14:46:32.377Z 73ce336b-da45-466d-a83e-59061b9c8cc6 info: DispatchMiddleware: Operation=BlockBlob_Upload
2026-04-12T14:46:32.377Z 73ce336b-da45-466d-a83e-59061b9c8cc6 verbose: AuthenticationMiddlewareFactory:createAuthenticationMiddleware() Validating authentications.
2026-04-12T14:46:32.377Z 73ce336b-da45-466d-a83e-59061b9c8cc6 info: PublicAccessAuthenticator:validate() Start validation against public access.
2026-04-12T14:46:32.377Z 73ce336b-da45-466d-a83e-59061b9c8cc6 debug: PublicAccessAuthenticator:validate() Getting account properties...
2026-04-12T14:46:32.377Z 73ce336b-da45-466d-a83e-59061b9c8cc6 debug: PublicAccessAuthenticator:validate() Retrieved account name from context: devstoreaccount1, container: azure-webjobs-hosts, blob: locks/ubuntudev-1527945004/host
2026-04-12T14:46:32.378Z 73ce336b-da45-466d-a83e-59061b9c8cc6 debug: PublicAccessAuthenticator:validate() Skip public access authentication. Cannot get public access type for container azure-webjobs-hosts
2026-04-12T14:46:32.378Z 73ce336b-da45-466d-a83e-59061b9c8cc6 info: BlobSharedKeyAuthenticator:validate() Start validation against account shared key authentication.
2026-04-12T14:46:32.378Z 73ce336b-da45-466d-a83e-59061b9c8cc6 info: BlobSharedKeyAuthenticator:validate() [STRING TO SIGN]:"PUT\n\n\n\n\napplication/octet-stream\n\n\n\n*\n\n\nx-ms-blob-type:BlockBlob\nx-ms-client-request-id:f549d56f-215b-4180-8a71-a11462e5a510\nx-ms-date:Sun, 12 Apr 2026 14:46:32 GMT\nx-ms-return-client-request-id:true\nx-ms-version:2024-11-04\n/devstoreaccount1/devstoreaccount1/azure-webjobs-hosts/locks/ubuntudev-1527945004/host"
2026-04-12T14:46:32.378Z 73ce336b-da45-466d-a83e-59061b9c8cc6 info: BlobSharedKeyAuthenticator:validate() Calculated authentication header based on key1: SharedKey devstoreaccount1:bnaVbKEuR2MsyMgipaGI0yLYkgUYGM06uHoGevOk9Z0=
2026-04-12T14:46:32.378Z 73ce336b-da45-466d-a83e-59061b9c8cc6 info: BlobSharedKeyAuthenticator:validate() Signature 1 matched.
2026-04-12T14:46:32.378Z 73ce336b-da45-466d-a83e-59061b9c8cc6 verbose: DeserializerMiddleware: Start deserializing...
2026-04-12T14:46:32.378Z 73ce336b-da45-466d-a83e-59061b9c8cc6 info: HandlerMiddleware: DeserializedParameters={"options":{"metadata":{},"requestId":"f549d56f-215b-4180-8a71-a11462e5a510","blobHTTPHeaders":{},"leaseAccessConditions":{},"cpkInfo":{},"cpkScopeInfo":{},"modifiedAccessConditions":{"ifNoneMatch":"*"}},"contentLength":0,"version":"2024-11-04","blobType":"BlockBlob","body":"ReadableStream"}
2026-04-12T14:46:32.378Z 73ce336b-da45-466d-a83e-59061b9c8cc6 debug: OperationQueue.operate() Schedule incoming job 3fd0c94a-4918-4f97-8593-5be4c7449878
2026-04-12T14:46:32.378Z 73ce336b-da45-466d-a83e-59061b9c8cc6 debug: OperationQueue:execute() Current runningConcurrency:0 maxConcurrency:50 operations.length:1
2026-04-12T14:46:32.378Z 73ce336b-da45-466d-a83e-59061b9c8cc6 info: FSExtentStore:appendExtent() Select extent from idle location for extent append operation. LocationId:1 extentId:4c1a48af-2614-4a52-8d74-4b551cc021e7 offset:120 MAX_EXTENT_SIZE:67108864 
2026-04-12T14:46:32.378Z 73ce336b-da45-466d-a83e-59061b9c8cc6 debug: FSExtentStore:appendExtent() Get fd:30 for extent:4c1a48af-2614-4a52-8d74-4b551cc021e7 from cache.
2026-04-12T14:46:32.378Z 73ce336b-da45-466d-a83e-59061b9c8cc6 debug: FSExtentStore:appendExtent() Created write stream for fd:30
2026-04-12T14:46:32.378Z 73ce336b-da45-466d-a83e-59061b9c8cc6 debug: FSExtentStore:appendExtent() Start writing to extent 4c1a48af-2614-4a52-8d74-4b551cc021e7
2026-04-12T14:46:32.379Z 73ce336b-da45-466d-a83e-59061b9c8cc6 debug: FSExtentStore:streamPipe() Start piping data to write stream
2026-04-12T14:46:32.379Z 73ce336b-da45-466d-a83e-59061b9c8cc6 debug: FSExtentStore:streamPipe() Readable stream triggers close event, 0 bytes piped
2026-04-12T14:46:32.379Z 73ce336b-da45-466d-a83e-59061b9c8cc6 debug: FSExtentStore:streamPipe() Invoke write stream end()
2026-04-12T14:46:32.379Z 73ce336b-da45-466d-a83e-59061b9c8cc6 debug: FSExtentStore:streamPipe() Writable stream triggers finish event, after 0 bytes piped. Flush data to fd:30.
2026-04-12T14:46:32.379Z 73ce336b-da45-466d-a83e-59061b9c8cc6 debug: FSExtentStore:streamPipe() Readable stream triggers close event, 0 bytes piped
2026-04-12T14:46:32.383Z 73ce336b-da45-466d-a83e-59061b9c8cc6 debug: FSExtentStore:streamPipe() Flush data to fd:30 successfully. Resolve streamPipe().
2026-04-12T14:46:32.383Z 73ce336b-da45-466d-a83e-59061b9c8cc6 debug: FSExtentStore:appendExtent() Write finish, start updating extent metadata. extent:{"id":"4c1a48af-2614-4a52-8d74-4b551cc021e7","locationId":"Default","path":"4c1a48af-2614-4a52-8d74-4b551cc021e7","size":120,"lastModifiedInMS":1776005192383}
2026-04-12T14:46:32.383Z 73ce336b-da45-466d-a83e-59061b9c8cc6 debug: FSExtentStore:appendExtent() Update extent metadata done. Resolve()
2026-04-12T14:46:32.383Z 73ce336b-da45-466d-a83e-59061b9c8cc6 debug: OperationQueue.operate() Job 3fd0c94a-4918-4f97-8593-5be4c7449878 completes callback, resolve.
2026-04-12T14:46:32.383Z 73ce336b-da45-466d-a83e-59061b9c8cc6 debug: OperationQueue:execute() Current runningConcurrency:0 maxConcurrency:50 operations.length:0
2026-04-12T14:46:32.383Z 73ce336b-da45-466d-a83e-59061b9c8cc6 debug: OperationQueue:execute() return. Operation.length === 0
2026-04-12T14:46:32.384Z 73ce336b-da45-466d-a83e-59061b9c8cc6 verbose: SerializerMiddleware: Start serializing...
2026-04-12T14:46:32.384Z 73ce336b-da45-466d-a83e-59061b9c8cc6 verbose: Send Blob telemetry: B_BlockBlob_Upload
2026-04-12T14:46:32.385Z 73ce336b-da45-466d-a83e-59061b9c8cc6 info: EndMiddleware: End response. TotalTimeInMS=9 StatusCode=201 StatusMessage=undefined Headers={"server":"Azurite-Blob/3.35.0","etag":"\"0x21E6060D2324740\"","last-modified":"Sun, 12 Apr 2026 14:46:32 GMT","content-md5":"1B2M2Y8AsgTpgAmY7PhCfg==","x-ms-client-request-id":"f549d56f-215b-4180-8a71-a11462e5a510","x-ms-request-id":"73ce336b-da45-466d-a83e-59061b9c8cc6","x-ms-version":"2025-11-05","date":"Sun, 12 Apr 2026 14:46:32 GMT","x-ms-request-server-encrypted":"true"}
2026-04-12T14:46:32.386Z 99a6bc2d-a0b7-4858-9cbd-ae0fd9cac6e4 info: BlobStorageContextMiddleware: RequestMethod=PUT RequestURL=http://127.0.0.1/devstoreaccount1/azure-webjobs-hosts/locks/ubuntudev-1527945004/host?comp=lease RequestHeaders:{"host":"127.0.0.1:10000","x-ms-lease-action":"acquire","x-ms-version":"2024-11-04","accept":"application/xml","x-ms-lease-duration":"15","x-ms-proposed-lease-id":"000000000000000000000000699A9597","x-ms-client-request-id":"42aed342-a09d-4f61-8d04-094b7a822973","x-ms-return-client-request-id":"true","user-agent":"azsdk-net-Storage.Blobs/12.22.1 (.NET 8.0.25; Ubuntu 24.04.4 LTS)","x-ms-date":"Sun, 12 Apr 2026 14:46:32 GMT","authorization":"SharedKey devstoreaccount1:hAsatv88RXlLFXCkjb4XneY/OFAVuOTAXEhpR5tDnKw=","content-length":"0"} ClientIP=127.0.0.1 Protocol=http HTTPVersion=1.1
2026-04-12T14:46:32.387Z 99a6bc2d-a0b7-4858-9cbd-ae0fd9cac6e4 info: BlobStorageContextMiddleware: Account=devstoreaccount1 Container=azure-webjobs-hosts Blob=locks/ubuntudev-1527945004/host
2026-04-12T14:46:32.387Z 99a6bc2d-a0b7-4858-9cbd-ae0fd9cac6e4 verbose: DispatchMiddleware: Dispatching request...
2026-04-12T14:46:32.388Z 99a6bc2d-a0b7-4858-9cbd-ae0fd9cac6e4 info: DispatchMiddleware: Operation=Blob_AcquireLease
2026-04-12T14:46:32.388Z 99a6bc2d-a0b7-4858-9cbd-ae0fd9cac6e4 verbose: AuthenticationMiddlewareFactory:createAuthenticationMiddleware() Validating authentications.
2026-04-12T14:46:32.388Z 99a6bc2d-a0b7-4858-9cbd-ae0fd9cac6e4 info: PublicAccessAuthenticator:validate() Start validation against public access.
2026-04-12T14:46:32.388Z 99a6bc2d-a0b7-4858-9cbd-ae0fd9cac6e4 debug: PublicAccessAuthenticator:validate() Getting account properties...
2026-04-12T14:46:32.388Z 99a6bc2d-a0b7-4858-9cbd-ae0fd9cac6e4 debug: PublicAccessAuthenticator:validate() Retrieved account name from context: devstoreaccount1, container: azure-webjobs-hosts, blob: locks/ubuntudev-1527945004/host
2026-04-12T14:46:32.388Z 99a6bc2d-a0b7-4858-9cbd-ae0fd9cac6e4 debug: PublicAccessAuthenticator:validate() Skip public access authentication. Cannot get public access type for container azure-webjobs-hosts
2026-04-12T14:46:32.388Z 99a6bc2d-a0b7-4858-9cbd-ae0fd9cac6e4 info: BlobSharedKeyAuthenticator:validate() Start validation against account shared key authentication.
2026-04-12T14:46:32.388Z 99a6bc2d-a0b7-4858-9cbd-ae0fd9cac6e4 info: BlobSharedKeyAuthenticator:validate() [STRING TO SIGN]:"PUT\n\n\n\n\n\n\n\n\n\n\n\nx-ms-client-request-id:42aed342-a09d-4f61-8d04-094b7a822973\nx-ms-date:Sun, 12 Apr 2026 14:46:32 GMT\nx-ms-lease-action:acquire\nx-ms-lease-duration:15\nx-ms-proposed-lease-id:000000000000000000000000699A9597\nx-ms-return-client-request-id:true\nx-ms-version:2024-11-04\n/devstoreaccount1/devstoreaccount1/azure-webjobs-hosts/locks/ubuntudev-1527945004/host\ncomp:lease"
2026-04-12T14:46:32.388Z 99a6bc2d-a0b7-4858-9cbd-ae0fd9cac6e4 info: BlobSharedKeyAuthenticator:validate() Calculated authentication header based on key1: SharedKey devstoreaccount1:hAsatv88RXlLFXCkjb4XneY/OFAVuOTAXEhpR5tDnKw=
2026-04-12T14:46:32.388Z 99a6bc2d-a0b7-4858-9cbd-ae0fd9cac6e4 info: BlobSharedKeyAuthenticator:validate() Signature 1 matched.
2026-04-12T14:46:32.388Z 99a6bc2d-a0b7-4858-9cbd-ae0fd9cac6e4 verbose: DeserializerMiddleware: Start deserializing...
2026-04-12T14:46:32.389Z 99a6bc2d-a0b7-4858-9cbd-ae0fd9cac6e4 info: HandlerMiddleware: DeserializedParameters={"options":{"duration":15,"proposedLeaseId":"000000000000000000000000699A9597","requestId":"42aed342-a09d-4f61-8d04-094b7a822973","modifiedAccessConditions":{}},"comp":"lease","version":"2024-11-04","action":"acquire"}
2026-04-12T14:46:32.390Z 99a6bc2d-a0b7-4858-9cbd-ae0fd9cac6e4 verbose: SerializerMiddleware: Start serializing...
2026-04-12T14:46:32.390Z 99a6bc2d-a0b7-4858-9cbd-ae0fd9cac6e4 verbose: Send Blob telemetry: B_Blob_AcquireLease
2026-04-12T14:46:32.390Z 99a6bc2d-a0b7-4858-9cbd-ae0fd9cac6e4 info: EndMiddleware: End response. TotalTimeInMS=4 StatusCode=201 StatusMessage=undefined Headers={"server":"Azurite-Blob/3.35.0","etag":"\"0x21E6060D2324740\"","last-modified":"Sun, 12 Apr 2026 14:46:32 GMT","x-ms-lease-id":"000000000000000000000000699A9597","x-ms-client-request-id":"42aed342-a09d-4f61-8d04-094b7a822973","x-ms-request-id":"99a6bc2d-a0b7-4858-9cbd-ae0fd9cac6e4","x-ms-version":"2025-11-05","date":"Sun, 12 Apr 2026 14:46:32 GMT"}
2026-04-12T14:46:32.393Z 683806d4-1809-4f59-8548-94e2f5e354fc info: BlobStorageContextMiddleware: RequestMethod=HEAD RequestURL=http://127.0.0.1/devstoreaccount1/azure-webjobs-hosts/locks/ubuntudev-1527945004/host RequestHeaders:{"host":"127.0.0.1:10000","x-ms-version":"2024-11-04","accept":"application/xml","x-ms-client-request-id":"fc03dc32-8c83-4de6-ac12-25785997a840","x-ms-return-client-request-id":"true","user-agent":"azsdk-net-Storage.Blobs/12.22.1 (.NET 8.0.25; Ubuntu 24.04.4 LTS)","x-ms-date":"Sun, 12 Apr 2026 14:46:32 GMT","authorization":"SharedKey devstoreaccount1:KjzM8Wyg/8ZjlzZJmAqXdtVC5eeHKsMORLtuSfB9Kvg="} ClientIP=127.0.0.1 Protocol=http HTTPVersion=1.1
2026-04-12T14:46:32.393Z 683806d4-1809-4f59-8548-94e2f5e354fc info: BlobStorageContextMiddleware: Account=devstoreaccount1 Container=azure-webjobs-hosts Blob=locks/ubuntudev-1527945004/host
2026-04-12T14:46:32.393Z 683806d4-1809-4f59-8548-94e2f5e354fc verbose: DispatchMiddleware: Dispatching request...
2026-04-12T14:46:32.393Z 683806d4-1809-4f59-8548-94e2f5e354fc info: DispatchMiddleware: Operation=Blob_GetProperties
2026-04-12T14:46:32.393Z 683806d4-1809-4f59-8548-94e2f5e354fc verbose: AuthenticationMiddlewareFactory:createAuthenticationMiddleware() Validating authentications.
2026-04-12T14:46:32.393Z 683806d4-1809-4f59-8548-94e2f5e354fc info: PublicAccessAuthenticator:validate() Start validation against public access.
2026-04-12T14:46:32.393Z 683806d4-1809-4f59-8548-94e2f5e354fc debug: PublicAccessAuthenticator:validate() Getting account properties...
2026-04-12T14:46:32.393Z 683806d4-1809-4f59-8548-94e2f5e354fc debug: PublicAccessAuthenticator:validate() Retrieved account name from context: devstoreaccount1, container: azure-webjobs-hosts, blob: locks/ubuntudev-1527945004/host
2026-04-12T14:46:32.393Z 683806d4-1809-4f59-8548-94e2f5e354fc debug: PublicAccessAuthenticator:validate() Skip public access authentication. Cannot get public access type for container azure-webjobs-hosts
2026-04-12T14:46:32.393Z 683806d4-1809-4f59-8548-94e2f5e354fc info: BlobSharedKeyAuthenticator:validate() Start validation against account shared key authentication.
2026-04-12T14:46:32.393Z 683806d4-1809-4f59-8548-94e2f5e354fc info: BlobSharedKeyAuthenticator:validate() [STRING TO SIGN]:"HEAD\n\n\n\n\n\n\n\n\n\n\n\nx-ms-client-request-id:fc03dc32-8c83-4de6-ac12-25785997a840\nx-ms-date:Sun, 12 Apr 2026 14:46:32 GMT\nx-ms-return-client-request-id:true\nx-ms-version:2024-11-04\n/devstoreaccount1/devstoreaccount1/azure-webjobs-hosts/locks/ubuntudev-1527945004/host"
2026-04-12T14:46:32.394Z 683806d4-1809-4f59-8548-94e2f5e354fc info: BlobSharedKeyAuthenticator:validate() Calculated authentication header based on key1: SharedKey devstoreaccount1:KjzM8Wyg/8ZjlzZJmAqXdtVC5eeHKsMORLtuSfB9Kvg=
2026-04-12T14:46:32.394Z 683806d4-1809-4f59-8548-94e2f5e354fc info: BlobSharedKeyAuthenticator:validate() Signature 1 matched.
2026-04-12T14:46:32.394Z 683806d4-1809-4f59-8548-94e2f5e354fc verbose: DeserializerMiddleware: Start deserializing...
2026-04-12T14:46:32.394Z 683806d4-1809-4f59-8548-94e2f5e354fc info: HandlerMiddleware: DeserializedParameters={"options":{"requestId":"fc03dc32-8c83-4de6-ac12-25785997a840","leaseAccessConditions":{},"cpkInfo":{},"modifiedAccessConditions":{}},"version":"2024-11-04"}
2026-04-12T14:46:32.394Z 683806d4-1809-4f59-8548-94e2f5e354fc verbose: SerializerMiddleware: Start serializing...
2026-04-12T14:46:32.394Z 683806d4-1809-4f59-8548-94e2f5e354fc verbose: Send Blob telemetry: B_Blob_GetProperties
2026-04-12T14:46:32.395Z 683806d4-1809-4f59-8548-94e2f5e354fc info: EndMiddleware: End response. TotalTimeInMS=1 StatusCode=200 StatusMessage=undefined Headers={"server":"Azurite-Blob/3.35.0","last-modified":"Sun, 12 Apr 2026 14:46:32 GMT","x-ms-creation-time":"Sun, 12 Apr 2026 14:46:32 GMT","x-ms-blob-type":"BlockBlob","x-ms-lease-duration":"fixed","x-ms-lease-state":"leased","x-ms-lease-status":"locked","content-length":"0","content-type":"application/octet-stream","etag":"\"0x21E6060D2324740\"","content-md5":"1B2M2Y8AsgTpgAmY7PhCfg==","x-ms-client-request-id":"fc03dc32-8c83-4de6-ac12-25785997a840","x-ms-request-id":"683806d4-1809-4f59-8548-94e2f5e354fc","x-ms-version":"2025-11-05","date":"Sun, 12 Apr 2026 14:46:32 GMT","accept-ranges":"bytes","x-ms-server-encrypted":"true","x-ms-access-tier":"Hot","x-ms-access-tier-inferred":"true","x-ms-access-tier-change-time":"Sun, 12 Apr 2026 14:46:32 GMT"}
2026-04-12T14:46:32.404Z 63f01aec-be37-405f-8e29-c7d3a3b91dad info: BlobStorageContextMiddleware: RequestMethod=PUT RequestURL=http://127.0.0.1/devstoreaccount1/azure-webjobs-hosts/locks/ubuntudev-1527945004/host?comp=metadata RequestHeaders:{"host":"127.0.0.1:10000","x-ms-meta-functioninstance":"000000000000000000000000699A9597","x-ms-lease-id":"000000000000000000000000699A9597","x-ms-version":"2024-11-04","accept":"application/xml","x-ms-client-request-id":"d6553eb3-1a1b-4fe4-a16a-c5b66e6eaf1c","x-ms-return-client-request-id":"true","user-agent":"azsdk-net-Storage.Blobs/12.22.1 (.NET 8.0.25; Ubuntu 24.04.4 LTS)","x-ms-date":"Sun, 12 Apr 2026 14:46:32 GMT","authorization":"SharedKey devstoreaccount1:WB3ImVtO6eAglFmaRO6UlZouHVQDj4lp44RAX6+fuN8=","content-length":"0"} ClientIP=127.0.0.1 Protocol=http HTTPVersion=1.1
2026-04-12T14:46:32.404Z 63f01aec-be37-405f-8e29-c7d3a3b91dad info: BlobStorageContextMiddleware: Account=devstoreaccount1 Container=azure-webjobs-hosts Blob=locks/ubuntudev-1527945004/host
2026-04-12T14:46:32.404Z 63f01aec-be37-405f-8e29-c7d3a3b91dad verbose: DispatchMiddleware: Dispatching request...
2026-04-12T14:46:32.405Z 63f01aec-be37-405f-8e29-c7d3a3b91dad info: DispatchMiddleware: Operation=Blob_SetMetadata
2026-04-12T14:46:32.405Z 63f01aec-be37-405f-8e29-c7d3a3b91dad verbose: AuthenticationMiddlewareFactory:createAuthenticationMiddleware() Validating authentications.
2026-04-12T14:46:32.405Z 63f01aec-be37-405f-8e29-c7d3a3b91dad info: PublicAccessAuthenticator:validate() Start validation against public access.
2026-04-12T14:46:32.405Z 63f01aec-be37-405f-8e29-c7d3a3b91dad debug: PublicAccessAuthenticator:validate() Getting account properties...
2026-04-12T14:46:32.405Z 63f01aec-be37-405f-8e29-c7d3a3b91dad debug: PublicAccessAuthenticator:validate() Retrieved account name from context: devstoreaccount1, container: azure-webjobs-hosts, blob: locks/ubuntudev-1527945004/host
2026-04-12T14:46:32.405Z 63f01aec-be37-405f-8e29-c7d3a3b91dad debug: PublicAccessAuthenticator:validate() Skip public access authentication. Cannot get public access type for container azure-webjobs-hosts
2026-04-12T14:46:32.405Z 63f01aec-be37-405f-8e29-c7d3a3b91dad info: BlobSharedKeyAuthenticator:validate() Start validation against account shared key authentication.
2026-04-12T14:46:32.405Z 63f01aec-be37-405f-8e29-c7d3a3b91dad info: BlobSharedKeyAuthenticator:validate() [STRING TO SIGN]:"PUT\n\n\n\n\n\n\n\n\n\n\n\nx-ms-client-request-id:d6553eb3-1a1b-4fe4-a16a-c5b66e6eaf1c\nx-ms-date:Sun, 12 Apr 2026 14:46:32 GMT\nx-ms-lease-id:000000000000000000000000699A9597\nx-ms-meta-functioninstance:000000000000000000000000699A9597\nx-ms-return-client-request-id:true\nx-ms-version:2024-11-04\n/devstoreaccount1/devstoreaccount1/azure-webjobs-hosts/locks/ubuntudev-1527945004/host\ncomp:metadata"
2026-04-12T14:46:32.405Z 63f01aec-be37-405f-8e29-c7d3a3b91dad info: BlobSharedKeyAuthenticator:validate() Calculated authentication header based on key1: SharedKey devstoreaccount1:WB3ImVtO6eAglFmaRO6UlZouHVQDj4lp44RAX6+fuN8=
2026-04-12T14:46:32.405Z 63f01aec-be37-405f-8e29-c7d3a3b91dad info: BlobSharedKeyAuthenticator:validate() Signature 1 matched.
2026-04-12T14:46:32.405Z 63f01aec-be37-405f-8e29-c7d3a3b91dad verbose: DeserializerMiddleware: Start deserializing...
2026-04-12T14:46:32.406Z 63f01aec-be37-405f-8e29-c7d3a3b91dad info: HandlerMiddleware: DeserializedParameters={"options":{"metadata":{"functioninstance":"000000000000000000000000699A9597"},"requestId":"d6553eb3-1a1b-4fe4-a16a-c5b66e6eaf1c","leaseAccessConditions":{"leaseId":"000000000000000000000000699A9597"},"cpkInfo":{},"cpkScopeInfo":{},"modifiedAccessConditions":{}},"comp":"metadata","version":"2024-11-04"}
2026-04-12T14:46:32.406Z 63f01aec-be37-405f-8e29-c7d3a3b91dad verbose: SerializerMiddleware: Start serializing...
2026-04-12T14:46:32.406Z 63f01aec-be37-405f-8e29-c7d3a3b91dad verbose: Send Blob telemetry: B_Blob_SetMetadata
2026-04-12T14:46:32.407Z 63f01aec-be37-405f-8e29-c7d3a3b91dad info: EndMiddleware: End response. TotalTimeInMS=2 StatusCode=200 StatusMessage=undefined Headers={"server":"Azurite-Blob/3.35.0","etag":"\"0x1EA253205583D50\"","last-modified":"Sun, 12 Apr 2026 14:46:32 GMT","x-ms-client-request-id":"d6553eb3-1a1b-4fe4-a16a-c5b66e6eaf1c","x-ms-request-id":"63f01aec-be37-405f-8e29-c7d3a3b91dad","x-ms-version":"2025-11-05","date":"Sun, 12 Apr 2026 14:46:32 GMT","x-ms-request-server-encrypted":"true"}
2026-04-12T14:46:32.898Z 907a1083-1b2c-4325-b40c-775a2cbfe0c2 info: BlobStorageContextMiddleware: RequestMethod=GET RequestURL=http://127.0.0.1/devstoreaccount1/?comp=list&maxresults=1 RequestHeaders:{"host":"127.0.0.1:10000","x-ms-version":"2024-11-04","accept":"application/xml","x-ms-client-request-id":"8b6ed23b-97c3-42c0-9f13-e4391105ef90","x-ms-return-client-request-id":"true","user-agent":"azsdk-net-Storage.Blobs/12.22.1 (.NET 8.0.25; Ubuntu 24.04.4 LTS)","x-ms-date":"Sun, 12 Apr 2026 14:46:32 GMT","authorization":"SharedKey devstoreaccount1:JFi1pxQFj5cdGVLMMtLal1/aiuB4+1fpIyJIFL7IgnE="} ClientIP=127.0.0.1 Protocol=http HTTPVersion=1.1
2026-04-12T14:46:32.898Z 907a1083-1b2c-4325-b40c-775a2cbfe0c2 info: BlobStorageContextMiddleware: Account=devstoreaccount1 Container= Blob=
2026-04-12T14:46:32.898Z 907a1083-1b2c-4325-b40c-775a2cbfe0c2 verbose: DispatchMiddleware: Dispatching request...
2026-04-12T14:46:32.899Z 907a1083-1b2c-4325-b40c-775a2cbfe0c2 info: DispatchMiddleware: Operation=Service_ListContainersSegment
2026-04-12T14:46:32.899Z 907a1083-1b2c-4325-b40c-775a2cbfe0c2 verbose: AuthenticationMiddlewareFactory:createAuthenticationMiddleware() Validating authentications.
2026-04-12T14:46:32.899Z 907a1083-1b2c-4325-b40c-775a2cbfe0c2 info: PublicAccessAuthenticator:validate() Start validation against public access.
2026-04-12T14:46:32.899Z 907a1083-1b2c-4325-b40c-775a2cbfe0c2 debug: PublicAccessAuthenticator:validate() Getting account properties...
2026-04-12T14:46:32.899Z 907a1083-1b2c-4325-b40c-775a2cbfe0c2 debug: PublicAccessAuthenticator:validate() Retrieved account name from context: devstoreaccount1, container: , blob: 
2026-04-12T14:46:32.899Z 907a1083-1b2c-4325-b40c-775a2cbfe0c2 debug: PublicAccessAuthenticator:validate() Skip public access authentication. Cannot get public access type for container 
2026-04-12T14:46:32.899Z 907a1083-1b2c-4325-b40c-775a2cbfe0c2 info: BlobSharedKeyAuthenticator:validate() Start validation against account shared key authentication.
2026-04-12T14:46:32.900Z 907a1083-1b2c-4325-b40c-775a2cbfe0c2 info: BlobSharedKeyAuthenticator:validate() [STRING TO SIGN]:"GET\n\n\n\n\n\n\n\n\n\n\n\nx-ms-client-request-id:8b6ed23b-97c3-42c0-9f13-e4391105ef90\nx-ms-date:Sun, 12 Apr 2026 14:46:32 GMT\nx-ms-return-client-request-id:true\nx-ms-version:2024-11-04\n/devstoreaccount1/devstoreaccount1/\ncomp:list\nmaxresults:1"
2026-04-12T14:46:32.900Z 907a1083-1b2c-4325-b40c-775a2cbfe0c2 info: BlobSharedKeyAuthenticator:validate() Calculated authentication header based on key1: SharedKey devstoreaccount1:JFi1pxQFj5cdGVLMMtLal1/aiuB4+1fpIyJIFL7IgnE=
2026-04-12T14:46:32.900Z 907a1083-1b2c-4325-b40c-775a2cbfe0c2 info: BlobSharedKeyAuthenticator:validate() Signature 1 matched.
2026-04-12T14:46:32.900Z 907a1083-1b2c-4325-b40c-775a2cbfe0c2 verbose: DeserializerMiddleware: Start deserializing...
2026-04-12T14:46:32.900Z 907a1083-1b2c-4325-b40c-775a2cbfe0c2 info: HandlerMiddleware: DeserializedParameters={"options":{"maxresults":1,"include":[],"requestId":"8b6ed23b-97c3-42c0-9f13-e4391105ef90"},"comp":"list","version":"2024-11-04"}
2026-04-12T14:46:32.901Z 907a1083-1b2c-4325-b40c-775a2cbfe0c2 verbose: SerializerMiddleware: Start serializing...
2026-04-12T14:46:32.904Z 907a1083-1b2c-4325-b40c-775a2cbfe0c2 debug: Serializer: Raw response body string is <?xml version="1.0" encoding="UTF-8" standalone="yes"?><EnumerationResults ServiceEndpoint="http://127.0.0.1:10000/devstoreaccount1"><Prefix/><MaxResults>1</MaxResults><Containers><Container><Name>azure-webjobs-hosts</Name><Properties><Last-Modified>Sun, 12 Apr 2026 14:46:27 GMT</Last-Modified><Etag>"0x22BE447C97C5C60"</Etag><LeaseStatus>unlocked</LeaseStatus><LeaseState>available</LeaseState><HasImmutabilityPolicy>false</HasImmutabilityPolicy><HasLegalHold>false</HasLegalHold></Properties></Container></Containers><NextMarker/></EnumerationResults>
2026-04-12T14:46:32.904Z 907a1083-1b2c-4325-b40c-775a2cbfe0c2 info: Serializer: Start returning stream body.
2026-04-12T14:46:32.905Z 907a1083-1b2c-4325-b40c-775a2cbfe0c2 verbose: Send Blob telemetry: B_Service_ListContainersSegment
2026-04-12T14:46:32.905Z 907a1083-1b2c-4325-b40c-775a2cbfe0c2 info: EndMiddleware: End response. TotalTimeInMS=7 StatusCode=200 StatusMessage=OK Headers={"server":"Azurite-Blob/3.35.0","x-ms-client-request-id":"8b6ed23b-97c3-42c0-9f13-e4391105ef90","x-ms-request-id":"907a1083-1b2c-4325-b40c-775a2cbfe0c2","x-ms-version":"2025-11-05","content-type":"application/xml"}
2026-04-12T14:46:35.256Z f3df835a-9e54-4105-aa60-98645e039db8 info: BlobStorageContextMiddleware: RequestMethod=PUT RequestURL=http://127.0.0.1/devstoreaccount1/azure-webjobs-hosts/locks/ubuntudev-1527945004/Host.Functions.timerTriggerGetFuelPricesToDb.Listener?comp=lease RequestHeaders:{"host":"127.0.0.1:10000","x-ms-lease-action":"renew","x-ms-lease-id":"91160723-b42a-4aa2-b663-d18fef7a107b","x-ms-version":"2024-11-04","accept":"application/xml","x-ms-client-request-id":"4b886f53-259b-4938-9f4c-4e5cdcdbf2ca","x-ms-return-client-request-id":"true","user-agent":"azsdk-net-Storage.Blobs/12.22.1 (.NET 8.0.25; Ubuntu 24.04.4 LTS)","x-ms-date":"Sun, 12 Apr 2026 14:46:35 GMT","authorization":"SharedKey devstoreaccount1:tAARJLtiSeshY09bno9aHNnIZel9FqViJQi4gQNe9c8=","content-length":"0"} ClientIP=127.0.0.1 Protocol=http HTTPVersion=1.1
2026-04-12T14:46:35.256Z f3df835a-9e54-4105-aa60-98645e039db8 info: BlobStorageContextMiddleware: Account=devstoreaccount1 Container=azure-webjobs-hosts Blob=locks/ubuntudev-1527945004/Host.Functions.timerTriggerGetFuelPricesToDb.Listener
2026-04-12T14:46:35.256Z f3df835a-9e54-4105-aa60-98645e039db8 verbose: DispatchMiddleware: Dispatching request...
2026-04-12T14:46:35.256Z f3df835a-9e54-4105-aa60-98645e039db8 info: DispatchMiddleware: Operation=Blob_RenewLease
2026-04-12T14:46:35.256Z f3df835a-9e54-4105-aa60-98645e039db8 verbose: AuthenticationMiddlewareFactory:createAuthenticationMiddleware() Validating authentications.
2026-04-12T14:46:35.256Z f3df835a-9e54-4105-aa60-98645e039db8 info: PublicAccessAuthenticator:validate() Start validation against public access.
2026-04-12T14:46:35.256Z f3df835a-9e54-4105-aa60-98645e039db8 debug: PublicAccessAuthenticator:validate() Getting account properties...
2026-04-12T14:46:35.256Z f3df835a-9e54-4105-aa60-98645e039db8 debug: PublicAccessAuthenticator:validate() Retrieved account name from context: devstoreaccount1, container: azure-webjobs-hosts, blob: locks/ubuntudev-1527945004/Host.Functions.timerTriggerGetFuelPricesToDb.Listener
2026-04-12T14:46:35.257Z f3df835a-9e54-4105-aa60-98645e039db8 debug: PublicAccessAuthenticator:validate() Skip public access authentication. Cannot get public access type for container azure-webjobs-hosts
2026-04-12T14:46:35.257Z f3df835a-9e54-4105-aa60-98645e039db8 info: BlobSharedKeyAuthenticator:validate() Start validation against account shared key authentication.
2026-04-12T14:46:35.257Z f3df835a-9e54-4105-aa60-98645e039db8 info: BlobSharedKeyAuthenticator:validate() [STRING TO SIGN]:"PUT\n\n\n\n\n\n\n\n\n\n\n\nx-ms-client-request-id:4b886f53-259b-4938-9f4c-4e5cdcdbf2ca\nx-ms-date:Sun, 12 Apr 2026 14:46:35 GMT\nx-ms-lease-action:renew\nx-ms-lease-id:91160723-b42a-4aa2-b663-d18fef7a107b\nx-ms-return-client-request-id:true\nx-ms-version:2024-11-04\n/devstoreaccount1/devstoreaccount1/azure-webjobs-hosts/locks/ubuntudev-1527945004/Host.Functions.timerTriggerGetFuelPricesToDb.Listener\ncomp:lease"
2026-04-12T14:46:35.257Z f3df835a-9e54-4105-aa60-98645e039db8 info: BlobSharedKeyAuthenticator:validate() Calculated authentication header based on key1: SharedKey devstoreaccount1:tAARJLtiSeshY09bno9aHNnIZel9FqViJQi4gQNe9c8=
2026-04-12T14:46:35.257Z f3df835a-9e54-4105-aa60-98645e039db8 info: BlobSharedKeyAuthenticator:validate() Signature 1 matched.
2026-04-12T14:46:35.257Z f3df835a-9e54-4105-aa60-98645e039db8 verbose: DeserializerMiddleware: Start deserializing...
2026-04-12T14:46:35.257Z f3df835a-9e54-4105-aa60-98645e039db8 info: HandlerMiddleware: DeserializedParameters={"options":{"requestId":"4b886f53-259b-4938-9f4c-4e5cdcdbf2ca","modifiedAccessConditions":{}},"comp":"lease","leaseId":"91160723-b42a-4aa2-b663-d18fef7a107b","version":"2024-11-04","action":"renew"}
2026-04-12T14:46:35.258Z f3df835a-9e54-4105-aa60-98645e039db8 verbose: SerializerMiddleware: Start serializing...
2026-04-12T14:46:35.258Z f3df835a-9e54-4105-aa60-98645e039db8 verbose: Send Blob telemetry: B_Blob_RenewLease
2026-04-12T14:46:35.258Z f3df835a-9e54-4105-aa60-98645e039db8 info: EndMiddleware: End response. TotalTimeInMS=3 StatusCode=200 StatusMessage=undefined Headers={"server":"Azurite-Blob/3.35.0","etag":"\"0x222BC870DCA6220\"","last-modified":"Sun, 12 Apr 2026 14:46:27 GMT","x-ms-lease-id":"91160723-b42a-4aa2-b663-d18fef7a107b","x-ms-client-request-id":"4b886f53-259b-4938-9f4c-4e5cdcdbf2ca","x-ms-request-id":"f3df835a-9e54-4105-aa60-98645e039db8","x-ms-version":"2025-11-05","date":"Sun, 12 Apr 2026 14:46:35 GMT"}
2026-04-12T14:46:42.762Z 0c7f2988-1924-4fc8-9461-8c178f372ca5 info: BlobStorageContextMiddleware: RequestMethod=PUT RequestURL=http://127.0.0.1/devstoreaccount1/azure-webjobs-hosts/locks/ubuntudev-1527945004/Host.Functions.timerTriggerGetFuelPricesToDb.Listener?comp=lease RequestHeaders:{"host":"127.0.0.1:10000","x-ms-lease-action":"renew","x-ms-lease-id":"91160723-b42a-4aa2-b663-d18fef7a107b","x-ms-version":"2024-11-04","accept":"application/xml","x-ms-client-request-id":"26da27e8-162a-4e22-b836-068b1ca8435d","x-ms-return-client-request-id":"true","user-agent":"azsdk-net-Storage.Blobs/12.22.1 (.NET 8.0.25; Ubuntu 24.04.4 LTS)","x-ms-date":"Sun, 12 Apr 2026 14:46:42 GMT","authorization":"SharedKey devstoreaccount1:FDPtDPAtXlTKQSrBDMFn6MyDwwVSXlnQN0/Q9+ZZ4m8=","content-length":"0"} ClientIP=127.0.0.1 Protocol=http HTTPVersion=1.1
2026-04-12T14:46:42.762Z 0c7f2988-1924-4fc8-9461-8c178f372ca5 info: BlobStorageContextMiddleware: Account=devstoreaccount1 Container=azure-webjobs-hosts Blob=locks/ubuntudev-1527945004/Host.Functions.timerTriggerGetFuelPricesToDb.Listener
2026-04-12T14:46:42.763Z 0c7f2988-1924-4fc8-9461-8c178f372ca5 verbose: DispatchMiddleware: Dispatching request...
2026-04-12T14:46:42.763Z 0c7f2988-1924-4fc8-9461-8c178f372ca5 info: DispatchMiddleware: Operation=Blob_RenewLease
2026-04-12T14:46:42.763Z 0c7f2988-1924-4fc8-9461-8c178f372ca5 verbose: AuthenticationMiddlewareFactory:createAuthenticationMiddleware() Validating authentications.
2026-04-12T14:46:42.763Z 0c7f2988-1924-4fc8-9461-8c178f372ca5 info: PublicAccessAuthenticator:validate() Start validation against public access.
2026-04-12T14:46:42.763Z 0c7f2988-1924-4fc8-9461-8c178f372ca5 debug: PublicAccessAuthenticator:validate() Getting account properties...
2026-04-12T14:46:42.763Z 0c7f2988-1924-4fc8-9461-8c178f372ca5 debug: PublicAccessAuthenticator:validate() Retrieved account name from context: devstoreaccount1, container: azure-webjobs-hosts, blob: locks/ubuntudev-1527945004/Host.Functions.timerTriggerGetFuelPricesToDb.Listener
2026-04-12T14:46:42.763Z 0c7f2988-1924-4fc8-9461-8c178f372ca5 debug: PublicAccessAuthenticator:validate() Skip public access authentication. Cannot get public access type for container azure-webjobs-hosts
2026-04-12T14:46:42.763Z 0c7f2988-1924-4fc8-9461-8c178f372ca5 info: BlobSharedKeyAuthenticator:validate() Start validation against account shared key authentication.
2026-04-12T14:46:42.764Z 0c7f2988-1924-4fc8-9461-8c178f372ca5 info: BlobSharedKeyAuthenticator:validate() [STRING TO SIGN]:"PUT\n\n\n\n\n\n\n\n\n\n\n\nx-ms-client-request-id:26da27e8-162a-4e22-b836-068b1ca8435d\nx-ms-date:Sun, 12 Apr 2026 14:46:42 GMT\nx-ms-lease-action:renew\nx-ms-lease-id:91160723-b42a-4aa2-b663-d18fef7a107b\nx-ms-return-client-request-id:true\nx-ms-version:2024-11-04\n/devstoreaccount1/devstoreaccount1/azure-webjobs-hosts/locks/ubuntudev-1527945004/Host.Functions.timerTriggerGetFuelPricesToDb.Listener\ncomp:lease"
2026-04-12T14:46:42.764Z 0c7f2988-1924-4fc8-9461-8c178f372ca5 info: BlobSharedKeyAuthenticator:validate() Calculated authentication header based on key1: SharedKey devstoreaccount1:FDPtDPAtXlTKQSrBDMFn6MyDwwVSXlnQN0/Q9+ZZ4m8=
2026-04-12T14:46:42.764Z 0c7f2988-1924-4fc8-9461-8c178f372ca5 info: BlobSharedKeyAuthenticator:validate() Signature 1 matched.
2026-04-12T14:46:42.764Z 0c7f2988-1924-4fc8-9461-8c178f372ca5 verbose: DeserializerMiddleware: Start deserializing...
2026-04-12T14:46:42.764Z 0c7f2988-1924-4fc8-9461-8c178f372ca5 info: HandlerMiddleware: DeserializedParameters={"options":{"requestId":"26da27e8-162a-4e22-b836-068b1ca8435d","modifiedAccessConditions":{}},"comp":"lease","leaseId":"91160723-b42a-4aa2-b663-d18fef7a107b","version":"2024-11-04","action":"renew"}
2026-04-12T14:46:42.764Z 0c7f2988-1924-4fc8-9461-8c178f372ca5 verbose: SerializerMiddleware: Start serializing...
2026-04-12T14:46:42.764Z 0c7f2988-1924-4fc8-9461-8c178f372ca5 verbose: Send Blob telemetry: B_Blob_RenewLease
2026-04-12T14:46:42.764Z 0c7f2988-1924-4fc8-9461-8c178f372ca5 info: EndMiddleware: End response. TotalTimeInMS=2 StatusCode=200 StatusMessage=undefined Headers={"server":"Azurite-Blob/3.35.0","etag":"\"0x222BC870DCA6220\"","last-modified":"Sun, 12 Apr 2026 14:46:27 GMT","x-ms-lease-id":"91160723-b42a-4aa2-b663-d18fef7a107b","x-ms-client-request-id":"26da27e8-162a-4e22-b836-068b1ca8435d","x-ms-request-id":"0c7f2988-1924-4fc8-9461-8c178f372ca5","x-ms-version":"2025-11-05","date":"Sun, 12 Apr 2026 14:46:42 GMT"}
2026-04-12T14:46:44.413Z 2aa88b3f-6bc5-443a-ba84-61eeabd99a1e info: BlobStorageContextMiddleware: RequestMethod=PUT RequestURL=http://127.0.0.1/devstoreaccount1/azure-webjobs-hosts/locks/ubuntudev-1527945004/host?comp=lease RequestHeaders:{"host":"127.0.0.1:10000","x-ms-lease-action":"renew","x-ms-lease-id":"000000000000000000000000699A9597","x-ms-version":"2024-11-04","accept":"application/xml","x-ms-client-request-id":"8005c4a4-e638-4017-abb3-7cc880285461","x-ms-return-client-request-id":"true","user-agent":"azsdk-net-Storage.Blobs/12.22.1 (.NET 8.0.25; Ubuntu 24.04.4 LTS)","x-ms-date":"Sun, 12 Apr 2026 14:46:44 GMT","authorization":"SharedKey devstoreaccount1:kR0NBNZVKuW48Ps/uXRmJhH9mcs1DZ7kC69lNfoE4RY=","content-length":"0"} ClientIP=127.0.0.1 Protocol=http HTTPVersion=1.1
2026-04-12T14:46:44.413Z 2aa88b3f-6bc5-443a-ba84-61eeabd99a1e info: BlobStorageContextMiddleware: Account=devstoreaccount1 Container=azure-webjobs-hosts Blob=locks/ubuntudev-1527945004/host
2026-04-12T14:46:44.413Z 2aa88b3f-6bc5-443a-ba84-61eeabd99a1e verbose: DispatchMiddleware: Dispatching request...
2026-04-12T14:46:44.413Z 2aa88b3f-6bc5-443a-ba84-61eeabd99a1e info: DispatchMiddleware: Operation=Blob_RenewLease
2026-04-12T14:46:44.413Z 2aa88b3f-6bc5-443a-ba84-61eeabd99a1e verbose: AuthenticationMiddlewareFactory:createAuthenticationMiddleware() Validating authentications.
2026-04-12T14:46:44.414Z 2aa88b3f-6bc5-443a-ba84-61eeabd99a1e info: PublicAccessAuthenticator:validate() Start validation against public access.
2026-04-12T14:46:44.414Z 2aa88b3f-6bc5-443a-ba84-61eeabd99a1e debug: PublicAccessAuthenticator:validate() Getting account properties...
2026-04-12T14:46:44.414Z 2aa88b3f-6bc5-443a-ba84-61eeabd99a1e debug: PublicAccessAuthenticator:validate() Retrieved account name from context: devstoreaccount1, container: azure-webjobs-hosts, blob: locks/ubuntudev-1527945004/host
2026-04-12T14:46:44.414Z 2aa88b3f-6bc5-443a-ba84-61eeabd99a1e debug: PublicAccessAuthenticator:validate() Skip public access authentication. Cannot get public access type for container azure-webjobs-hosts
2026-04-12T14:46:44.414Z 2aa88b3f-6bc5-443a-ba84-61eeabd99a1e info: BlobSharedKeyAuthenticator:validate() Start validation against account shared key authentication.
2026-04-12T14:46:44.414Z 2aa88b3f-6bc5-443a-ba84-61eeabd99a1e info: BlobSharedKeyAuthenticator:validate() [STRING TO SIGN]:"PUT\n\n\n\n\n\n\n\n\n\n\n\nx-ms-client-request-id:8005c4a4-e638-4017-abb3-7cc880285461\nx-ms-date:Sun, 12 Apr 2026 14:46:44 GMT\nx-ms-lease-action:renew\nx-ms-lease-id:000000000000000000000000699A9597\nx-ms-return-client-request-id:true\nx-ms-version:2024-11-04\n/devstoreaccount1/devstoreaccount1/azure-webjobs-hosts/locks/ubuntudev-1527945004/host\ncomp:lease"
2026-04-12T14:46:44.414Z 2aa88b3f-6bc5-443a-ba84-61eeabd99a1e info: BlobSharedKeyAuthenticator:validate() Calculated authentication header based on key1: SharedKey devstoreaccount1:kR0NBNZVKuW48Ps/uXRmJhH9mcs1DZ7kC69lNfoE4RY=
2026-04-12T14:46:44.414Z 2aa88b3f-6bc5-443a-ba84-61eeabd99a1e info: BlobSharedKeyAuthenticator:validate() Signature 1 matched.
2026-04-12T14:46:44.414Z 2aa88b3f-6bc5-443a-ba84-61eeabd99a1e verbose: DeserializerMiddleware: Start deserializing...
2026-04-12T14:46:44.414Z 2aa88b3f-6bc5-443a-ba84-61eeabd99a1e info: HandlerMiddleware: DeserializedParameters={"options":{"requestId":"8005c4a4-e638-4017-abb3-7cc880285461","modifiedAccessConditions":{}},"comp":"lease","leaseId":"000000000000000000000000699A9597","version":"2024-11-04","action":"renew"}
2026-04-12T14:46:44.415Z 2aa88b3f-6bc5-443a-ba84-61eeabd99a1e verbose: SerializerMiddleware: Start serializing...
2026-04-12T14:46:44.415Z 2aa88b3f-6bc5-443a-ba84-61eeabd99a1e verbose: Send Blob telemetry: B_Blob_RenewLease
2026-04-12T14:46:44.415Z 2aa88b3f-6bc5-443a-ba84-61eeabd99a1e info: EndMiddleware: End response. TotalTimeInMS=2 StatusCode=200 StatusMessage=undefined Headers={"server":"Azurite-Blob/3.35.0","etag":"\"0x1EA253205583D50\"","last-modified":"Sun, 12 Apr 2026 14:46:32 GMT","x-ms-lease-id":"000000000000000000000000699A9597","x-ms-client-request-id":"8005c4a4-e638-4017-abb3-7cc880285461","x-ms-request-id":"2aa88b3f-6bc5-443a-ba84-61eeabd99a1e","x-ms-version":"2025-11-05","date":"Sun, 12 Apr 2026 14:46:44 GMT"}
2026-04-12T14:46:50.268Z 7062cfed-b1f7-4c19-857f-3e3ea82af65c info: BlobStorageContextMiddleware: RequestMethod=PUT RequestURL=http://127.0.0.1/devstoreaccount1/azure-webjobs-hosts/locks/ubuntudev-1527945004/Host.Functions.timerTriggerGetFuelPricesToDb.Listener?comp=lease RequestHeaders:{"host":"127.0.0.1:10000","x-ms-lease-action":"renew","x-ms-lease-id":"91160723-b42a-4aa2-b663-d18fef7a107b","x-ms-version":"2024-11-04","accept":"application/xml","x-ms-client-request-id":"66fd1e12-66a7-4e82-8c51-9e38f17f43c7","x-ms-return-client-request-id":"true","user-agent":"azsdk-net-Storage.Blobs/12.22.1 (.NET 8.0.25; Ubuntu 24.04.4 LTS)","x-ms-date":"Sun, 12 Apr 2026 14:46:50 GMT","authorization":"SharedKey devstoreaccount1:EHYznXMu9BZe1oYR9N+e9pWCvM7MiN9NEKlxSJuwv0M=","content-length":"0"} ClientIP=127.0.0.1 Protocol=http HTTPVersion=1.1
2026-04-12T14:46:50.268Z 7062cfed-b1f7-4c19-857f-3e3ea82af65c info: BlobStorageContextMiddleware: Account=devstoreaccount1 Container=azure-webjobs-hosts Blob=locks/ubuntudev-1527945004/Host.Functions.timerTriggerGetFuelPricesToDb.Listener
2026-04-12T14:46:50.268Z 7062cfed-b1f7-4c19-857f-3e3ea82af65c verbose: DispatchMiddleware: Dispatching request...
2026-04-12T14:46:50.268Z 7062cfed-b1f7-4c19-857f-3e3ea82af65c info: DispatchMiddleware: Operation=Blob_RenewLease
2026-04-12T14:46:50.269Z 7062cfed-b1f7-4c19-857f-3e3ea82af65c verbose: AuthenticationMiddlewareFactory:createAuthenticationMiddleware() Validating authentications.
2026-04-12T14:46:50.269Z 7062cfed-b1f7-4c19-857f-3e3ea82af65c info: PublicAccessAuthenticator:validate() Start validation against public access.
2026-04-12T14:46:50.269Z 7062cfed-b1f7-4c19-857f-3e3ea82af65c debug: PublicAccessAuthenticator:validate() Getting account properties...
2026-04-12T14:46:50.269Z 7062cfed-b1f7-4c19-857f-3e3ea82af65c debug: PublicAccessAuthenticator:validate() Retrieved account name from context: devstoreaccount1, container: azure-webjobs-hosts, blob: locks/ubuntudev-1527945004/Host.Functions.timerTriggerGetFuelPricesToDb.Listener
2026-04-12T14:46:50.269Z 7062cfed-b1f7-4c19-857f-3e3ea82af65c debug: PublicAccessAuthenticator:validate() Skip public access authentication. Cannot get public access type for container azure-webjobs-hosts
2026-04-12T14:46:50.269Z 7062cfed-b1f7-4c19-857f-3e3ea82af65c info: BlobSharedKeyAuthenticator:validate() Start validation against account shared key authentication.
2026-04-12T14:46:50.269Z 7062cfed-b1f7-4c19-857f-3e3ea82af65c info: BlobSharedKeyAuthenticator:validate() [STRING TO SIGN]:"PUT\n\n\n\n\n\n\n\n\n\n\n\nx-ms-client-request-id:66fd1e12-66a7-4e82-8c51-9e38f17f43c7\nx-ms-date:Sun, 12 Apr 2026 14:46:50 GMT\nx-ms-lease-action:renew\nx-ms-lease-id:91160723-b42a-4aa2-b663-d18fef7a107b\nx-ms-return-client-request-id:true\nx-ms-version:2024-11-04\n/devstoreaccount1/devstoreaccount1/azure-webjobs-hosts/locks/ubuntudev-1527945004/Host.Functions.timerTriggerGetFuelPricesToDb.Listener\ncomp:lease"
2026-04-12T14:46:50.269Z 7062cfed-b1f7-4c19-857f-3e3ea82af65c info: BlobSharedKeyAuthenticator:validate() Calculated authentication header based on key1: SharedKey devstoreaccount1:EHYznXMu9BZe1oYR9N+e9pWCvM7MiN9NEKlxSJuwv0M=
2026-04-12T14:46:50.269Z 7062cfed-b1f7-4c19-857f-3e3ea82af65c info: BlobSharedKeyAuthenticator:validate() Signature 1 matched.
2026-04-12T14:46:50.269Z 7062cfed-b1f7-4c19-857f-3e3ea82af65c verbose: DeserializerMiddleware: Start deserializing...
2026-04-12T14:46:50.269Z 7062cfed-b1f7-4c19-857f-3e3ea82af65c info: HandlerMiddleware: DeserializedParameters={"options":{"requestId":"66fd1e12-66a7-4e82-8c51-9e38f17f43c7","modifiedAccessConditions":{}},"comp":"lease","leaseId":"91160723-b42a-4aa2-b663-d18fef7a107b","version":"2024-11-04","action":"renew"}
2026-04-12T14:46:50.269Z 7062cfed-b1f7-4c19-857f-3e3ea82af65c verbose: SerializerMiddleware: Start serializing...
2026-04-12T14:46:50.270Z 7062cfed-b1f7-4c19-857f-3e3ea82af65c verbose: Send Blob telemetry: B_Blob_RenewLease
2026-04-12T14:46:50.270Z 7062cfed-b1f7-4c19-857f-3e3ea82af65c info: EndMiddleware: End response. TotalTimeInMS=2 StatusCode=200 StatusMessage=undefined Headers={"server":"Azurite-Blob/3.35.0","etag":"\"0x222BC870DCA6220\"","last-modified":"Sun, 12 Apr 2026 14:46:27 GMT","x-ms-lease-id":"91160723-b42a-4aa2-b663-d18fef7a107b","x-ms-client-request-id":"66fd1e12-66a7-4e82-8c51-9e38f17f43c7","x-ms-request-id":"7062cfed-b1f7-4c19-857f-3e3ea82af65c","x-ms-version":"2025-11-05","date":"Sun, 12 Apr 2026 14:46:50 GMT"}
2026-04-12T14:46:53.363Z c5e945b6-0291-40f3-9e12-e6ad35d1b7bb info: BlobStorageContextMiddleware: RequestMethod=GET RequestURL=http://127.0.0.1/devstoreaccount1/azure-webjobs-hosts/timers/ubuntudev-1527945004/Host.Functions.timerTriggerGetFuelPricesToDb/status RequestHeaders:{"host":"127.0.0.1:10000","x-ms-version":"2024-11-04","accept":"application/xml","x-ms-client-request-id":"161f6e4c-320d-448e-8ed1-4684e8ff704f","x-ms-return-client-request-id":"true","user-agent":"azsdk-net-Storage.Blobs/12.22.1 (.NET 8.0.25; Ubuntu 24.04.4 LTS)","x-ms-date":"Sun, 12 Apr 2026 14:46:53 GMT","authorization":"SharedKey devstoreaccount1:orQAd6941GlR+mf4iuvoPNtYI3prCsaqtG9/Llm3FnE="} ClientIP=127.0.0.1 Protocol=http HTTPVersion=1.1
2026-04-12T14:46:53.363Z c5e945b6-0291-40f3-9e12-e6ad35d1b7bb info: BlobStorageContextMiddleware: Account=devstoreaccount1 Container=azure-webjobs-hosts Blob=timers/ubuntudev-1527945004/Host.Functions.timerTriggerGetFuelPricesToDb/status
2026-04-12T14:46:53.363Z c5e945b6-0291-40f3-9e12-e6ad35d1b7bb verbose: DispatchMiddleware: Dispatching request...
2026-04-12T14:46:53.364Z c5e945b6-0291-40f3-9e12-e6ad35d1b7bb info: DispatchMiddleware: Operation=Blob_Download
2026-04-12T14:46:53.364Z c5e945b6-0291-40f3-9e12-e6ad35d1b7bb verbose: AuthenticationMiddlewareFactory:createAuthenticationMiddleware() Validating authentications.
2026-04-12T14:46:53.364Z c5e945b6-0291-40f3-9e12-e6ad35d1b7bb info: PublicAccessAuthenticator:validate() Start validation against public access.
2026-04-12T14:46:53.364Z c5e945b6-0291-40f3-9e12-e6ad35d1b7bb debug: PublicAccessAuthenticator:validate() Getting account properties...
2026-04-12T14:46:53.364Z c5e945b6-0291-40f3-9e12-e6ad35d1b7bb debug: PublicAccessAuthenticator:validate() Retrieved account name from context: devstoreaccount1, container: azure-webjobs-hosts, blob: timers/ubuntudev-1527945004/Host.Functions.timerTriggerGetFuelPricesToDb/status
2026-04-12T14:46:53.364Z c5e945b6-0291-40f3-9e12-e6ad35d1b7bb debug: PublicAccessAuthenticator:validate() Skip public access authentication. Cannot get public access type for container azure-webjobs-hosts
2026-04-12T14:46:53.364Z c5e945b6-0291-40f3-9e12-e6ad35d1b7bb info: BlobSharedKeyAuthenticator:validate() Start validation against account shared key authentication.
2026-04-12T14:46:53.364Z c5e945b6-0291-40f3-9e12-e6ad35d1b7bb info: BlobSharedKeyAuthenticator:validate() [STRING TO SIGN]:"GET\n\n\n\n\n\n\n\n\n\n\n\nx-ms-client-request-id:161f6e4c-320d-448e-8ed1-4684e8ff704f\nx-ms-date:Sun, 12 Apr 2026 14:46:53 GMT\nx-ms-return-client-request-id:true\nx-ms-version:2024-11-04\n/devstoreaccount1/devstoreaccount1/azure-webjobs-hosts/timers/ubuntudev-1527945004/Host.Functions.timerTriggerGetFuelPricesToDb/status"
2026-04-12T14:46:53.364Z c5e945b6-0291-40f3-9e12-e6ad35d1b7bb info: BlobSharedKeyAuthenticator:validate() Calculated authentication header based on key1: SharedKey devstoreaccount1:orQAd6941GlR+mf4iuvoPNtYI3prCsaqtG9/Llm3FnE=
2026-04-12T14:46:53.364Z c5e945b6-0291-40f3-9e12-e6ad35d1b7bb info: BlobSharedKeyAuthenticator:validate() Signature 1 matched.
2026-04-12T14:46:53.364Z c5e945b6-0291-40f3-9e12-e6ad35d1b7bb verbose: DeserializerMiddleware: Start deserializing...
2026-04-12T14:46:53.364Z c5e945b6-0291-40f3-9e12-e6ad35d1b7bb info: HandlerMiddleware: DeserializedParameters={"options":{"requestId":"161f6e4c-320d-448e-8ed1-4684e8ff704f","leaseAccessConditions":{},"cpkInfo":{},"modifiedAccessConditions":{}},"version":"2024-11-04"}
2026-04-12T14:46:53.371Z c5e945b6-0291-40f3-9e12-e6ad35d1b7bb info: BlobHandler:downloadBlockBlobOrAppendBlob() NormalizedDownloadRange=bytes=0-119 RequiredContentLength=120
2026-04-12T14:46:53.371Z c5e945b6-0291-40f3-9e12-e6ad35d1b7bb debug: OperationQueue.operate() Schedule incoming job 807aa31f-c4a0-49f7-b39d-39bab646361b
2026-04-12T14:46:53.371Z c5e945b6-0291-40f3-9e12-e6ad35d1b7bb debug: OperationQueue:execute() Current runningConcurrency:0 maxConcurrency:100 operations.length:1
2026-04-12T14:46:53.371Z c5e945b6-0291-40f3-9e12-e6ad35d1b7bb verbose: FSExtentStore:readExtent() Creating read stream. LocationId:Default extentId:4c1a48af-2614-4a52-8d74-4b551cc021e7 path:/home/konsta/projects/azure-personal/.azurite/__blobstorage__/4c1a48af-2614-4a52-8d74-4b551cc021e7 offset:0 count:120 end:119
2026-04-12T14:46:53.371Z c5e945b6-0291-40f3-9e12-e6ad35d1b7bb debug: OperationQueue.operate() Job 807aa31f-c4a0-49f7-b39d-39bab646361b completes callback, resolve.
2026-04-12T14:46:53.371Z c5e945b6-0291-40f3-9e12-e6ad35d1b7bb verbose: SerializerMiddleware: Start serializing...
2026-04-12T14:46:53.372Z c5e945b6-0291-40f3-9e12-e6ad35d1b7bb info: Serializer: Start returning stream body.
2026-04-12T14:46:53.373Z c5e945b6-0291-40f3-9e12-e6ad35d1b7bb debug: OperationQueue:execute() Current runningConcurrency:0 maxConcurrency:100 operations.length:0
2026-04-12T14:46:53.373Z c5e945b6-0291-40f3-9e12-e6ad35d1b7bb debug: OperationQueue:execute() return. Operation.length === 0
2026-04-12T14:46:53.376Z c5e945b6-0291-40f3-9e12-e6ad35d1b7bb verbose: Send Blob telemetry: B_Blob_Download
2026-04-12T14:46:53.376Z c5e945b6-0291-40f3-9e12-e6ad35d1b7bb info: EndMiddleware: End response. TotalTimeInMS=13 StatusCode=200 StatusMessage=OK Headers={"server":"Azurite-Blob/3.35.0","last-modified":"Sun, 12 Apr 2026 14:46:27 GMT","x-ms-creation-time":"Sun, 12 Apr 2026 14:46:27 GMT","content-length":"120","content-type":"application/octet-stream","etag":"\"0x217CA09ED7891C0\"","content-md5":"x6hadPyO1ds28RBcnxe+/g==","x-ms-blob-type":"BlockBlob","x-ms-lease-state":"available","x-ms-lease-status":"unlocked","x-ms-client-request-id":"161f6e4c-320d-448e-8ed1-4684e8ff704f","x-ms-request-id":"c5e945b6-0291-40f3-9e12-e6ad35d1b7bb","x-ms-version":"2025-11-05","accept-ranges":"bytes","date":"Sun, 12 Apr 2026 14:46:53 GMT","x-ms-server-encrypted":"true","x-ms-blob-content-md5":"x6hadPyO1ds28RBcnxe+/g=="}
2026-04-12T14:46:53.377Z c5e945b6-0291-40f3-9e12-e6ad35d1b7bb verbose: FSExtentStore:readExtent() Read stream closed. LocationId:Default extentId:4c1a48af-2614-4a52-8d74-4b551cc021e7 path:/home/konsta/projects/azure-personal/.azurite/__blobstorage__/4c1a48af-2614-4a52-8d74-4b551cc021e7 offset:0 count:120 end:119
2026-04-12T14:46:56.413Z b770827e-6d45-43da-b647-ab42951ae64b info: BlobStorageContextMiddleware: RequestMethod=PUT RequestURL=http://127.0.0.1/devstoreaccount1/azure-webjobs-hosts/locks/ubuntudev-1527945004/host?comp=lease RequestHeaders:{"host":"127.0.0.1:10000","x-ms-lease-action":"renew","x-ms-lease-id":"000000000000000000000000699A9597","x-ms-version":"2024-11-04","accept":"application/xml","x-ms-client-request-id":"a6c0dfde-8904-4582-8fd4-787df62583d0","x-ms-return-client-request-id":"true","user-agent":"azsdk-net-Storage.Blobs/12.22.1 (.NET 8.0.25; Ubuntu 24.04.4 LTS)","x-ms-date":"Sun, 12 Apr 2026 14:46:56 GMT","authorization":"SharedKey devstoreaccount1:4HigkrMawFa/6RyzxeqBOYfJqPOYwhA/+2jTL0aRbrI=","content-length":"0"} ClientIP=127.0.0.1 Protocol=http HTTPVersion=1.1
2026-04-12T14:46:56.414Z b770827e-6d45-43da-b647-ab42951ae64b info: BlobStorageContextMiddleware: Account=devstoreaccount1 Container=azure-webjobs-hosts Blob=locks/ubuntudev-1527945004/host
2026-04-12T14:46:56.414Z b770827e-6d45-43da-b647-ab42951ae64b verbose: DispatchMiddleware: Dispatching request...
2026-04-12T14:46:56.414Z b770827e-6d45-43da-b647-ab42951ae64b info: DispatchMiddleware: Operation=Blob_RenewLease
2026-04-12T14:46:56.414Z b770827e-6d45-43da-b647-ab42951ae64b verbose: AuthenticationMiddlewareFactory:createAuthenticationMiddleware() Validating authentications.
2026-04-12T14:46:56.414Z b770827e-6d45-43da-b647-ab42951ae64b info: PublicAccessAuthenticator:validate() Start validation against public access.
2026-04-12T14:46:56.414Z b770827e-6d45-43da-b647-ab42951ae64b debug: PublicAccessAuthenticator:validate() Getting account properties...
2026-04-12T14:46:56.414Z b770827e-6d45-43da-b647-ab42951ae64b debug: PublicAccessAuthenticator:validate() Retrieved account name from context: devstoreaccount1, container: azure-webjobs-hosts, blob: locks/ubuntudev-1527945004/host
2026-04-12T14:46:56.414Z b770827e-6d45-43da-b647-ab42951ae64b debug: PublicAccessAuthenticator:validate() Skip public access authentication. Cannot get public access type for container azure-webjobs-hosts
2026-04-12T14:46:56.414Z b770827e-6d45-43da-b647-ab42951ae64b info: BlobSharedKeyAuthenticator:validate() Start validation against account shared key authentication.
2026-04-12T14:46:56.415Z b770827e-6d45-43da-b647-ab42951ae64b info: BlobSharedKeyAuthenticator:validate() [STRING TO SIGN]:"PUT\n\n\n\n\n\n\n\n\n\n\n\nx-ms-client-request-id:a6c0dfde-8904-4582-8fd4-787df62583d0\nx-ms-date:Sun, 12 Apr 2026 14:46:56 GMT\nx-ms-lease-action:renew\nx-ms-lease-id:000000000000000000000000699A9597\nx-ms-return-client-request-id:true\nx-ms-version:2024-11-04\n/devstoreaccount1/devstoreaccount1/azure-webjobs-hosts/locks/ubuntudev-1527945004/host\ncomp:lease"
2026-04-12T14:46:56.415Z b770827e-6d45-43da-b647-ab42951ae64b info: BlobSharedKeyAuthenticator:validate() Calculated authentication header based on key1: SharedKey devstoreaccount1:4HigkrMawFa/6RyzxeqBOYfJqPOYwhA/+2jTL0aRbrI=
2026-04-12T14:46:56.415Z b770827e-6d45-43da-b647-ab42951ae64b info: BlobSharedKeyAuthenticator:validate() Signature 1 matched.
2026-04-12T14:46:56.415Z b770827e-6d45-43da-b647-ab42951ae64b verbose: DeserializerMiddleware: Start deserializing...
2026-04-12T14:46:56.415Z b770827e-6d45-43da-b647-ab42951ae64b info: HandlerMiddleware: DeserializedParameters={"options":{"requestId":"a6c0dfde-8904-4582-8fd4-787df62583d0","modifiedAccessConditions":{}},"comp":"lease","leaseId":"000000000000000000000000699A9597","version":"2024-11-04","action":"renew"}
2026-04-12T14:46:56.415Z b770827e-6d45-43da-b647-ab42951ae64b verbose: SerializerMiddleware: Start serializing...
2026-04-12T14:46:56.415Z b770827e-6d45-43da-b647-ab42951ae64b verbose: Send Blob telemetry: B_Blob_RenewLease
2026-04-12T14:46:56.415Z b770827e-6d45-43da-b647-ab42951ae64b info: EndMiddleware: End response. TotalTimeInMS=2 StatusCode=200 StatusMessage=undefined Headers={"server":"Azurite-Blob/3.35.0","etag":"\"0x1EA253205583D50\"","last-modified":"Sun, 12 Apr 2026 14:46:32 GMT","x-ms-lease-id":"000000000000000000000000699A9597","x-ms-client-request-id":"a6c0dfde-8904-4582-8fd4-787df62583d0","x-ms-request-id":"b770827e-6d45-43da-b647-ab42951ae64b","x-ms-version":"2025-11-05","date":"Sun, 12 Apr 2026 14:46:56 GMT"}
2026-04-12T14:46:57.772Z 6e13e03f-6e63-4b9f-9b91-d53583da1fcf info: BlobStorageContextMiddleware: RequestMethod=PUT RequestURL=http://127.0.0.1/devstoreaccount1/azure-webjobs-hosts/locks/ubuntudev-1527945004/Host.Functions.timerTriggerGetFuelPricesToDb.Listener?comp=lease RequestHeaders:{"host":"127.0.0.1:10000","x-ms-lease-action":"renew","x-ms-lease-id":"91160723-b42a-4aa2-b663-d18fef7a107b","x-ms-version":"2024-11-04","accept":"application/xml","x-ms-client-request-id":"325fe519-c14d-4e87-a7cf-909365d8fc57","x-ms-return-client-request-id":"true","user-agent":"azsdk-net-Storage.Blobs/12.22.1 (.NET 8.0.25; Ubuntu 24.04.4 LTS)","x-ms-date":"Sun, 12 Apr 2026 14:46:57 GMT","authorization":"SharedKey devstoreaccount1:+2UP5XBmJvrI22ohnq+l8z1SuPsepPuFD0HUtdEIm7M=","content-length":"0"} ClientIP=127.0.0.1 Protocol=http HTTPVersion=1.1
2026-04-12T14:46:57.772Z 6e13e03f-6e63-4b9f-9b91-d53583da1fcf info: BlobStorageContextMiddleware: Account=devstoreaccount1 Container=azure-webjobs-hosts Blob=locks/ubuntudev-1527945004/Host.Functions.timerTriggerGetFuelPricesToDb.Listener
2026-04-12T14:46:57.772Z 6e13e03f-6e63-4b9f-9b91-d53583da1fcf verbose: DispatchMiddleware: Dispatching request...
2026-04-12T14:46:57.772Z 6e13e03f-6e63-4b9f-9b91-d53583da1fcf info: DispatchMiddleware: Operation=Blob_RenewLease
2026-04-12T14:46:57.772Z 6e13e03f-6e63-4b9f-9b91-d53583da1fcf verbose: AuthenticationMiddlewareFactory:createAuthenticationMiddleware() Validating authentications.
2026-04-12T14:46:57.772Z 6e13e03f-6e63-4b9f-9b91-d53583da1fcf info: PublicAccessAuthenticator:validate() Start validation against public access.
2026-04-12T14:46:57.772Z 6e13e03f-6e63-4b9f-9b91-d53583da1fcf debug: PublicAccessAuthenticator:validate() Getting account properties...
2026-04-12T14:46:57.772Z 6e13e03f-6e63-4b9f-9b91-d53583da1fcf debug: PublicAccessAuthenticator:validate() Retrieved account name from context: devstoreaccount1, container: azure-webjobs-hosts, blob: locks/ubuntudev-1527945004/Host.Functions.timerTriggerGetFuelPricesToDb.Listener
2026-04-12T14:46:57.773Z 6e13e03f-6e63-4b9f-9b91-d53583da1fcf debug: PublicAccessAuthenticator:validate() Skip public access authentication. Cannot get public access type for container azure-webjobs-hosts
2026-04-12T14:46:57.773Z 6e13e03f-6e63-4b9f-9b91-d53583da1fcf info: BlobSharedKeyAuthenticator:validate() Start validation against account shared key authentication.
2026-04-12T14:46:57.773Z 6e13e03f-6e63-4b9f-9b91-d53583da1fcf info: BlobSharedKeyAuthenticator:validate() [STRING TO SIGN]:"PUT\n\n\n\n\n\n\n\n\n\n\n\nx-ms-client-request-id:325fe519-c14d-4e87-a7cf-909365d8fc57\nx-ms-date:Sun, 12 Apr 2026 14:46:57 GMT\nx-ms-lease-action:renew\nx-ms-lease-id:91160723-b42a-4aa2-b663-d18fef7a107b\nx-ms-return-client-request-id:true\nx-ms-version:2024-11-04\n/devstoreaccount1/devstoreaccount1/azure-webjobs-hosts/locks/ubuntudev-1527945004/Host.Functions.timerTriggerGetFuelPricesToDb.Listener\ncomp:lease"
2026-04-12T14:46:57.773Z 6e13e03f-6e63-4b9f-9b91-d53583da1fcf info: BlobSharedKeyAuthenticator:validate() Calculated authentication header based on key1: SharedKey devstoreaccount1:+2UP5XBmJvrI22ohnq+l8z1SuPsepPuFD0HUtdEIm7M=
2026-04-12T14:46:57.773Z 6e13e03f-6e63-4b9f-9b91-d53583da1fcf info: BlobSharedKeyAuthenticator:validate() Signature 1 matched.
2026-04-12T14:46:57.773Z 6e13e03f-6e63-4b9f-9b91-d53583da1fcf verbose: DeserializerMiddleware: Start deserializing...
2026-04-12T14:46:57.773Z 6e13e03f-6e63-4b9f-9b91-d53583da1fcf info: HandlerMiddleware: DeserializedParameters={"options":{"requestId":"325fe519-c14d-4e87-a7cf-909365d8fc57","modifiedAccessConditions":{}},"comp":"lease","leaseId":"91160723-b42a-4aa2-b663-d18fef7a107b","version":"2024-11-04","action":"renew"}
2026-04-12T14:46:57.773Z 6e13e03f-6e63-4b9f-9b91-d53583da1fcf verbose: SerializerMiddleware: Start serializing...
2026-04-12T14:46:57.773Z 6e13e03f-6e63-4b9f-9b91-d53583da1fcf verbose: Send Blob telemetry: B_Blob_RenewLease
2026-04-12T14:46:57.773Z 6e13e03f-6e63-4b9f-9b91-d53583da1fcf info: EndMiddleware: End response. TotalTimeInMS=1 StatusCode=200 StatusMessage=undefined Headers={"server":"Azurite-Blob/3.35.0","etag":"\"0x222BC870DCA6220\"","last-modified":"Sun, 12 Apr 2026 14:46:27 GMT","x-ms-lease-id":"91160723-b42a-4aa2-b663-d18fef7a107b","x-ms-client-request-id":"325fe519-c14d-4e87-a7cf-909365d8fc57","x-ms-request-id":"6e13e03f-6e63-4b9f-9b91-d53583da1fcf","x-ms-version":"2025-11-05","date":"Sun, 12 Apr 2026 14:46:57 GMT"}
2026-04-12T14:47:02.916Z be87d009-08b2-4483-bd45-9a4d7ed0ad81 info: BlobStorageContextMiddleware: RequestMethod=GET RequestURL=http://127.0.0.1/devstoreaccount1/?comp=list&maxresults=1 RequestHeaders:{"host":"127.0.0.1:10000","x-ms-version":"2024-11-04","accept":"application/xml","x-ms-client-request-id":"ee5f07e2-4f04-4fff-84d7-3b9888071d92","x-ms-return-client-request-id":"true","user-agent":"azsdk-net-Storage.Blobs/12.22.1 (.NET 8.0.25; Ubuntu 24.04.4 LTS)","x-ms-date":"Sun, 12 Apr 2026 14:47:02 GMT","authorization":"SharedKey devstoreaccount1:9j7MIo5cirxDBaKhNMKZYVqlMmoG6yi4OI36W9sk9RY="} ClientIP=127.0.0.1 Protocol=http HTTPVersion=1.1
2026-04-12T14:47:02.916Z be87d009-08b2-4483-bd45-9a4d7ed0ad81 info: BlobStorageContextMiddleware: Account=devstoreaccount1 Container= Blob=
2026-04-12T14:47:02.916Z be87d009-08b2-4483-bd45-9a4d7ed0ad81 verbose: DispatchMiddleware: Dispatching request...
2026-04-12T14:47:02.916Z be87d009-08b2-4483-bd45-9a4d7ed0ad81 info: DispatchMiddleware: Operation=Service_ListContainersSegment
2026-04-12T14:47:02.916Z be87d009-08b2-4483-bd45-9a4d7ed0ad81 verbose: AuthenticationMiddlewareFactory:createAuthenticationMiddleware() Validating authentications.
2026-04-12T14:47:02.916Z be87d009-08b2-4483-bd45-9a4d7ed0ad81 info: PublicAccessAuthenticator:validate() Start validation against public access.
2026-04-12T14:47:02.916Z be87d009-08b2-4483-bd45-9a4d7ed0ad81 debug: PublicAccessAuthenticator:validate() Getting account properties...
2026-04-12T14:47:02.916Z be87d009-08b2-4483-bd45-9a4d7ed0ad81 debug: PublicAccessAuthenticator:validate() Retrieved account name from context: devstoreaccount1, container: , blob: 
2026-04-12T14:47:02.917Z be87d009-08b2-4483-bd45-9a4d7ed0ad81 debug: PublicAccessAuthenticator:validate() Skip public access authentication. Cannot get public access type for container 
2026-04-12T14:47:02.917Z be87d009-08b2-4483-bd45-9a4d7ed0ad81 info: BlobSharedKeyAuthenticator:validate() Start validation against account shared key authentication.
2026-04-12T14:47:02.917Z be87d009-08b2-4483-bd45-9a4d7ed0ad81 info: BlobSharedKeyAuthenticator:validate() [STRING TO SIGN]:"GET\n\n\n\n\n\n\n\n\n\n\n\nx-ms-client-request-id:ee5f07e2-4f04-4fff-84d7-3b9888071d92\nx-ms-date:Sun, 12 Apr 2026 14:47:02 GMT\nx-ms-return-client-request-id:true\nx-ms-version:2024-11-04\n/devstoreaccount1/devstoreaccount1/\ncomp:list\nmaxresults:1"
2026-04-12T14:47:02.917Z be87d009-08b2-4483-bd45-9a4d7ed0ad81 info: BlobSharedKeyAuthenticator:validate() Calculated authentication header based on key1: SharedKey devstoreaccount1:9j7MIo5cirxDBaKhNMKZYVqlMmoG6yi4OI36W9sk9RY=
2026-04-12T14:47:02.917Z be87d009-08b2-4483-bd45-9a4d7ed0ad81 info: BlobSharedKeyAuthenticator:validate() Signature 1 matched.
2026-04-12T14:47:02.917Z be87d009-08b2-4483-bd45-9a4d7ed0ad81 verbose: DeserializerMiddleware: Start deserializing...
2026-04-12T14:47:02.917Z be87d009-08b2-4483-bd45-9a4d7ed0ad81 info: HandlerMiddleware: DeserializedParameters={"options":{"maxresults":1,"include":[],"requestId":"ee5f07e2-4f04-4fff-84d7-3b9888071d92"},"comp":"list","version":"2024-11-04"}
2026-04-12T14:47:02.917Z be87d009-08b2-4483-bd45-9a4d7ed0ad81 verbose: SerializerMiddleware: Start serializing...
2026-04-12T14:47:02.917Z be87d009-08b2-4483-bd45-9a4d7ed0ad81 debug: Serializer: Raw response body string is <?xml version="1.0" encoding="UTF-8" standalone="yes"?><EnumerationResults ServiceEndpoint="http://127.0.0.1:10000/devstoreaccount1"><Prefix/><MaxResults>1</MaxResults><Containers><Container><Name>azure-webjobs-hosts</Name><Properties><Last-Modified>Sun, 12 Apr 2026 14:46:27 GMT</Last-Modified><Etag>"0x22BE447C97C5C60"</Etag><LeaseStatus>unlocked</LeaseStatus><LeaseState>available</LeaseState><HasImmutabilityPolicy>false</HasImmutabilityPolicy><HasLegalHold>false</HasLegalHold></Properties></Container></Containers><NextMarker/></EnumerationResults>
2026-04-12T14:47:02.917Z be87d009-08b2-4483-bd45-9a4d7ed0ad81 info: Serializer: Start returning stream body.
2026-04-12T14:47:02.918Z be87d009-08b2-4483-bd45-9a4d7ed0ad81 verbose: Send Blob telemetry: B_Service_ListContainersSegment
2026-04-12T14:47:02.918Z be87d009-08b2-4483-bd45-9a4d7ed0ad81 info: EndMiddleware: End response. TotalTimeInMS=2 StatusCode=200 StatusMessage=OK Headers={"server":"Azurite-Blob/3.35.0","x-ms-client-request-id":"ee5f07e2-4f04-4fff-84d7-3b9888071d92","x-ms-request-id":"be87d009-08b2-4483-bd45-9a4d7ed0ad81","x-ms-version":"2025-11-05","content-type":"application/xml"}
2026-04-12T14:47:05.276Z 83c53ffa-914c-484e-bb15-f3a762683e7f info: BlobStorageContextMiddleware: RequestMethod=PUT RequestURL=http://127.0.0.1/devstoreaccount1/azure-webjobs-hosts/locks/ubuntudev-1527945004/Host.Functions.timerTriggerGetFuelPricesToDb.Listener?comp=lease RequestHeaders:{"host":"127.0.0.1:10000","x-ms-lease-action":"renew","x-ms-lease-id":"91160723-b42a-4aa2-b663-d18fef7a107b","x-ms-version":"2024-11-04","accept":"application/xml","x-ms-client-request-id":"78b554f5-a580-4d11-b112-ea608ed3f49b","x-ms-return-client-request-id":"true","user-agent":"azsdk-net-Storage.Blobs/12.22.1 (.NET 8.0.25; Ubuntu 24.04.4 LTS)","x-ms-date":"Sun, 12 Apr 2026 14:47:05 GMT","authorization":"SharedKey devstoreaccount1:mBVzRUD067N3ZYdNLJwAJugtjvPbpiLHMtMtnAHY9Cc=","content-length":"0"} ClientIP=127.0.0.1 Protocol=http HTTPVersion=1.1
2026-04-12T14:47:05.276Z 83c53ffa-914c-484e-bb15-f3a762683e7f info: BlobStorageContextMiddleware: Account=devstoreaccount1 Container=azure-webjobs-hosts Blob=locks/ubuntudev-1527945004/Host.Functions.timerTriggerGetFuelPricesToDb.Listener
2026-04-12T14:47:05.276Z 83c53ffa-914c-484e-bb15-f3a762683e7f verbose: DispatchMiddleware: Dispatching request...
2026-04-12T14:47:05.276Z 83c53ffa-914c-484e-bb15-f3a762683e7f info: DispatchMiddleware: Operation=Blob_RenewLease
2026-04-12T14:47:05.277Z 83c53ffa-914c-484e-bb15-f3a762683e7f verbose: AuthenticationMiddlewareFactory:createAuthenticationMiddleware() Validating authentications.
2026-04-12T14:47:05.277Z 83c53ffa-914c-484e-bb15-f3a762683e7f info: PublicAccessAuthenticator:validate() Start validation against public access.
2026-04-12T14:47:05.277Z 83c53ffa-914c-484e-bb15-f3a762683e7f debug: PublicAccessAuthenticator:validate() Getting account properties...
2026-04-12T14:47:05.277Z 83c53ffa-914c-484e-bb15-f3a762683e7f debug: PublicAccessAuthenticator:validate() Retrieved account name from context: devstoreaccount1, container: azure-webjobs-hosts, blob: locks/ubuntudev-1527945004/Host.Functions.timerTriggerGetFuelPricesToDb.Listener
2026-04-12T14:47:05.277Z 83c53ffa-914c-484e-bb15-f3a762683e7f debug: PublicAccessAuthenticator:validate() Skip public access authentication. Cannot get public access type for container azure-webjobs-hosts
2026-04-12T14:47:05.277Z 83c53ffa-914c-484e-bb15-f3a762683e7f info: BlobSharedKeyAuthenticator:validate() Start validation against account shared key authentication.
2026-04-12T14:47:05.277Z 83c53ffa-914c-484e-bb15-f3a762683e7f info: BlobSharedKeyAuthenticator:validate() [STRING TO SIGN]:"PUT\n\n\n\n\n\n\n\n\n\n\n\nx-ms-client-request-id:78b554f5-a580-4d11-b112-ea608ed3f49b\nx-ms-date:Sun, 12 Apr 2026 14:47:05 GMT\nx-ms-lease-action:renew\nx-ms-lease-id:91160723-b42a-4aa2-b663-d18fef7a107b\nx-ms-return-client-request-id:true\nx-ms-version:2024-11-04\n/devstoreaccount1/devstoreaccount1/azure-webjobs-hosts/locks/ubuntudev-1527945004/Host.Functions.timerTriggerGetFuelPricesToDb.Listener\ncomp:lease"
2026-04-12T14:47:05.277Z 83c53ffa-914c-484e-bb15-f3a762683e7f info: BlobSharedKeyAuthenticator:validate() Calculated authentication header based on key1: SharedKey devstoreaccount1:mBVzRUD067N3ZYdNLJwAJugtjvPbpiLHMtMtnAHY9Cc=
2026-04-12T14:47:05.277Z 83c53ffa-914c-484e-bb15-f3a762683e7f info: BlobSharedKeyAuthenticator:validate() Signature 1 matched.
2026-04-12T14:47:05.277Z 83c53ffa-914c-484e-bb15-f3a762683e7f verbose: DeserializerMiddleware: Start deserializing...
2026-04-12T14:47:05.277Z 83c53ffa-914c-484e-bb15-f3a762683e7f info: HandlerMiddleware: DeserializedParameters={"options":{"requestId":"78b554f5-a580-4d11-b112-ea608ed3f49b","modifiedAccessConditions":{}},"comp":"lease","leaseId":"91160723-b42a-4aa2-b663-d18fef7a107b","version":"2024-11-04","action":"renew"}
2026-04-12T14:47:05.277Z 83c53ffa-914c-484e-bb15-f3a762683e7f verbose: SerializerMiddleware: Start serializing...
2026-04-12T14:47:05.277Z 83c53ffa-914c-484e-bb15-f3a762683e7f verbose: Send Blob telemetry: B_Blob_RenewLease
2026-04-12T14:47:05.277Z 83c53ffa-914c-484e-bb15-f3a762683e7f info: EndMiddleware: End response. TotalTimeInMS=1 StatusCode=200 StatusMessage=undefined Headers={"server":"Azurite-Blob/3.35.0","etag":"\"0x222BC870DCA6220\"","last-modified":"Sun, 12 Apr 2026 14:46:27 GMT","x-ms-lease-id":"91160723-b42a-4aa2-b663-d18fef7a107b","x-ms-client-request-id":"78b554f5-a580-4d11-b112-ea608ed3f49b","x-ms-request-id":"83c53ffa-914c-484e-bb15-f3a762683e7f","x-ms-version":"2025-11-05","date":"Sun, 12 Apr 2026 14:47:05 GMT"}
2026-04-12T14:47:08.413Z 82e1f1db-09ae-4ac7-988e-eaf0416720b0 info: BlobStorageContextMiddleware: RequestMethod=PUT RequestURL=http://127.0.0.1/devstoreaccount1/azure-webjobs-hosts/locks/ubuntudev-1527945004/host?comp=lease RequestHeaders:{"host":"127.0.0.1:10000","x-ms-lease-action":"renew","x-ms-lease-id":"000000000000000000000000699A9597","x-ms-version":"2024-11-04","accept":"application/xml","x-ms-client-request-id":"008f5852-3c13-436f-80a9-912ed0308047","x-ms-return-client-request-id":"true","user-agent":"azsdk-net-Storage.Blobs/12.22.1 (.NET 8.0.25; Ubuntu 24.04.4 LTS)","x-ms-date":"Sun, 12 Apr 2026 14:47:08 GMT","authorization":"SharedKey devstoreaccount1:r+T4dxq+odC+ipcUqZoqQjnAEZvubV9inlildbEl+Bc=","content-length":"0"} ClientIP=127.0.0.1 Protocol=http HTTPVersion=1.1
2026-04-12T14:47:08.413Z 82e1f1db-09ae-4ac7-988e-eaf0416720b0 info: BlobStorageContextMiddleware: Account=devstoreaccount1 Container=azure-webjobs-hosts Blob=locks/ubuntudev-1527945004/host
2026-04-12T14:47:08.413Z 82e1f1db-09ae-4ac7-988e-eaf0416720b0 verbose: DispatchMiddleware: Dispatching request...
2026-04-12T14:47:08.414Z 82e1f1db-09ae-4ac7-988e-eaf0416720b0 info: DispatchMiddleware: Operation=Blob_RenewLease
2026-04-12T14:47:08.414Z 82e1f1db-09ae-4ac7-988e-eaf0416720b0 verbose: AuthenticationMiddlewareFactory:createAuthenticationMiddleware() Validating authentications.
2026-04-12T14:47:08.414Z 82e1f1db-09ae-4ac7-988e-eaf0416720b0 info: PublicAccessAuthenticator:validate() Start validation against public access.
2026-04-12T14:47:08.414Z 82e1f1db-09ae-4ac7-988e-eaf0416720b0 debug: PublicAccessAuthenticator:validate() Getting account properties...
2026-04-12T14:47:08.414Z 82e1f1db-09ae-4ac7-988e-eaf0416720b0 debug: PublicAccessAuthenticator:validate() Retrieved account name from context: devstoreaccount1, container: azure-webjobs-hosts, blob: locks/ubuntudev-1527945004/host
2026-04-12T14:47:08.414Z 82e1f1db-09ae-4ac7-988e-eaf0416720b0 debug: PublicAccessAuthenticator:validate() Skip public access authentication. Cannot get public access type for container azure-webjobs-hosts
2026-04-12T14:47:08.414Z 82e1f1db-09ae-4ac7-988e-eaf0416720b0 info: BlobSharedKeyAuthenticator:validate() Start validation against account shared key authentication.
2026-04-12T14:47:08.414Z 82e1f1db-09ae-4ac7-988e-eaf0416720b0 info: BlobSharedKeyAuthenticator:validate() [STRING TO SIGN]:"PUT\n\n\n\n\n\n\n\n\n\n\n\nx-ms-client-request-id:008f5852-3c13-436f-80a9-912ed0308047\nx-ms-date:Sun, 12 Apr 2026 14:47:08 GMT\nx-ms-lease-action:renew\nx-ms-lease-id:000000000000000000000000699A9597\nx-ms-return-client-request-id:true\nx-ms-version:2024-11-04\n/devstoreaccount1/devstoreaccount1/azure-webjobs-hosts/locks/ubuntudev-1527945004/host\ncomp:lease"
2026-04-12T14:47:08.414Z 82e1f1db-09ae-4ac7-988e-eaf0416720b0 info: BlobSharedKeyAuthenticator:validate() Calculated authentication header based on key1: SharedKey devstoreaccount1:r+T4dxq+odC+ipcUqZoqQjnAEZvubV9inlildbEl+Bc=
2026-04-12T14:47:08.414Z 82e1f1db-09ae-4ac7-988e-eaf0416720b0 info: BlobSharedKeyAuthenticator:validate() Signature 1 matched.
2026-04-12T14:47:08.414Z 82e1f1db-09ae-4ac7-988e-eaf0416720b0 verbose: DeserializerMiddleware: Start deserializing...
2026-04-12T14:47:08.417Z 82e1f1db-09ae-4ac7-988e-eaf0416720b0 info: HandlerMiddleware: DeserializedParameters={"options":{"requestId":"008f5852-3c13-436f-80a9-912ed0308047","modifiedAccessConditions":{}},"comp":"lease","leaseId":"000000000000000000000000699A9597","version":"2024-11-04","action":"renew"}
2026-04-12T14:47:08.417Z 82e1f1db-09ae-4ac7-988e-eaf0416720b0 verbose: SerializerMiddleware: Start serializing...
2026-04-12T14:47:08.417Z 82e1f1db-09ae-4ac7-988e-eaf0416720b0 verbose: Send Blob telemetry: B_Blob_RenewLease
2026-04-12T14:47:08.417Z 82e1f1db-09ae-4ac7-988e-eaf0416720b0 info: EndMiddleware: End response. TotalTimeInMS=4 StatusCode=200 StatusMessage=undefined Headers={"server":"Azurite-Blob/3.35.0","etag":"\"0x1EA253205583D50\"","last-modified":"Sun, 12 Apr 2026 14:46:32 GMT","x-ms-lease-id":"000000000000000000000000699A9597","x-ms-client-request-id":"008f5852-3c13-436f-80a9-912ed0308047","x-ms-request-id":"82e1f1db-09ae-4ac7-988e-eaf0416720b0","x-ms-version":"2025-11-05","date":"Sun, 12 Apr 2026 14:47:08 GMT"}
2026-04-12T14:47:12.613Z 	 info: AccountDataStore:init() Refresh accounts from environment variable AZURITE_ACCOUNTS with value undefined
2026-04-12T14:47:12.614Z 	 info: AccountDataStore:init() Fallback to default emulator account devstoreaccount1.
2026-04-12T14:47:12.614Z 	 info: AccountDataStore:init() Refresh accounts from environment variable AZURITE_ACCOUNTS with value undefined
2026-04-12T14:47:12.614Z 	 info: AccountDataStore:init() Fallback to default emulator account devstoreaccount1.
2026-04-12T14:47:12.618Z 	 info: QueueGCManager:markSweepLoop() Start new mark and sweep.
2026-04-12T14:47:12.618Z 	 info: QueueGCManger:markSweep() Get all extents.
2026-04-12T14:47:12.619Z 	 info: QueueGCManager:marksweep() Get 0 extents.
2026-04-12T14:47:12.619Z 	 info: QueueGCManager:markSweep() Get referred extents, then remove from allExtents.
2026-04-12T14:47:12.619Z 	 info: QueueGCManager:markSweep() Got referred extents, unreferenced extents count is 0.
2026-04-12T14:47:12.619Z 	 info: QueueGCManager:markSweepLoop() Mark and sweep finished, take 1ms.
2026-04-12T14:47:12.619Z 	 info: QueueGCManager:markSweepLoop() Sleep for 60000
2026-04-12T14:47:12.620Z 	 info: AccountDataStore:init() Refresh accounts from environment variable AZURITE_ACCOUNTS with value undefined
2026-04-12T14:47:12.620Z 	 info: AccountDataStore:init() Fallback to default emulator account devstoreaccount1.
2026-04-12T14:47:12.780Z 2a4e12fb-f866-495e-bf92-6e50bcee829b info: BlobStorageContextMiddleware: RequestMethod=PUT RequestURL=http://127.0.0.1/devstoreaccount1/azure-webjobs-hosts/locks/ubuntudev-1527945004/Host.Functions.timerTriggerGetFuelPricesToDb.Listener?comp=lease RequestHeaders:{"host":"127.0.0.1:10000","x-ms-lease-action":"renew","x-ms-lease-id":"91160723-b42a-4aa2-b663-d18fef7a107b","x-ms-version":"2024-11-04","accept":"application/xml","x-ms-client-request-id":"ea45fe1a-4c0b-4403-a70e-6159b8d98998","x-ms-return-client-request-id":"true","user-agent":"azsdk-net-Storage.Blobs/12.22.1 (.NET 8.0.25; Ubuntu 24.04.4 LTS)","x-ms-date":"Sun, 12 Apr 2026 14:47:12 GMT","authorization":"SharedKey devstoreaccount1:5CcRXu7VXca6C/82wk0Qiud7JgnrR+b2AAmICVleutU=","content-length":"0"} ClientIP=127.0.0.1 Protocol=http HTTPVersion=1.1
2026-04-12T14:47:12.780Z 2a4e12fb-f866-495e-bf92-6e50bcee829b info: BlobStorageContextMiddleware: Account=devstoreaccount1 Container=azure-webjobs-hosts Blob=locks/ubuntudev-1527945004/Host.Functions.timerTriggerGetFuelPricesToDb.Listener
2026-04-12T14:47:12.780Z 2a4e12fb-f866-495e-bf92-6e50bcee829b verbose: DispatchMiddleware: Dispatching request...
2026-04-12T14:47:12.780Z 2a4e12fb-f866-495e-bf92-6e50bcee829b info: DispatchMiddleware: Operation=Blob_RenewLease
2026-04-12T14:47:12.780Z 2a4e12fb-f866-495e-bf92-6e50bcee829b verbose: AuthenticationMiddlewareFactory:createAuthenticationMiddleware() Validating authentications.
2026-04-12T14:47:12.781Z 2a4e12fb-f866-495e-bf92-6e50bcee829b info: PublicAccessAuthenticator:validate() Start validation against public access.
2026-04-12T14:47:12.781Z 2a4e12fb-f866-495e-bf92-6e50bcee829b debug: PublicAccessAuthenticator:validate() Getting account properties...
2026-04-12T14:47:12.781Z 2a4e12fb-f866-495e-bf92-6e50bcee829b debug: PublicAccessAuthenticator:validate() Retrieved account name from context: devstoreaccount1, container: azure-webjobs-hosts, blob: locks/ubuntudev-1527945004/Host.Functions.timerTriggerGetFuelPricesToDb.Listener
2026-04-12T14:47:12.781Z 2a4e12fb-f866-495e-bf92-6e50bcee829b debug: PublicAccessAuthenticator:validate() Skip public access authentication. Cannot get public access type for container azure-webjobs-hosts
2026-04-12T14:47:12.781Z 2a4e12fb-f866-495e-bf92-6e50bcee829b info: BlobSharedKeyAuthenticator:validate() Start validation against account shared key authentication.
2026-04-12T14:47:12.781Z 2a4e12fb-f866-495e-bf92-6e50bcee829b info: BlobSharedKeyAuthenticator:validate() [STRING TO SIGN]:"PUT\n\n\n\n\n\n\n\n\n\n\n\nx-ms-client-request-id:ea45fe1a-4c0b-4403-a70e-6159b8d98998\nx-ms-date:Sun, 12 Apr 2026 14:47:12 GMT\nx-ms-lease-action:renew\nx-ms-lease-id:91160723-b42a-4aa2-b663-d18fef7a107b\nx-ms-return-client-request-id:true\nx-ms-version:2024-11-04\n/devstoreaccount1/devstoreaccount1/azure-webjobs-hosts/locks/ubuntudev-1527945004/Host.Functions.timerTriggerGetFuelPricesToDb.Listener\ncomp:lease"
2026-04-12T14:47:12.781Z 2a4e12fb-f866-495e-bf92-6e50bcee829b info: BlobSharedKeyAuthenticator:validate() Calculated authentication header based on key1: SharedKey devstoreaccount1:5CcRXu7VXca6C/82wk0Qiud7JgnrR+b2AAmICVleutU=
2026-04-12T14:47:12.781Z 2a4e12fb-f866-495e-bf92-6e50bcee829b info: BlobSharedKeyAuthenticator:validate() Signature 1 matched.
2026-04-12T14:47:12.781Z 2a4e12fb-f866-495e-bf92-6e50bcee829b verbose: DeserializerMiddleware: Start deserializing...
2026-04-12T14:47:12.781Z 2a4e12fb-f866-495e-bf92-6e50bcee829b info: HandlerMiddleware: DeserializedParameters={"options":{"requestId":"ea45fe1a-4c0b-4403-a70e-6159b8d98998","modifiedAccessConditions":{}},"comp":"lease","leaseId":"91160723-b42a-4aa2-b663-d18fef7a107b","version":"2024-11-04","action":"renew"}
2026-04-12T14:47:12.781Z 2a4e12fb-f866-495e-bf92-6e50bcee829b verbose: SerializerMiddleware: Start serializing...
2026-04-12T14:47:12.781Z 2a4e12fb-f866-495e-bf92-6e50bcee829b verbose: Send Blob telemetry: B_Blob_RenewLease
2026-04-12T14:47:12.781Z 2a4e12fb-f866-495e-bf92-6e50bcee829b info: EndMiddleware: End response. TotalTimeInMS=1 StatusCode=200 StatusMessage=undefined Headers={"server":"Azurite-Blob/3.35.0","etag":"\"0x222BC870DCA6220\"","last-modified":"Sun, 12 Apr 2026 14:46:27 GMT","x-ms-lease-id":"91160723-b42a-4aa2-b663-d18fef7a107b","x-ms-client-request-id":"ea45fe1a-4c0b-4403-a70e-6159b8d98998","x-ms-request-id":"2a4e12fb-f866-495e-bf92-6e50bcee829b","x-ms-version":"2025-11-05","date":"Sun, 12 Apr 2026 14:47:12 GMT"}
